"NSFTV.ID","PSA_19_2014","PSA_21_2014","PSA_22_2014","PSA_25_2014","PSA_26_2014","PSA_27_2014","PSA_28_2014","PSA_29_2014","PSA_30_2014","PSA_31_2014","PSA_32_2014","PSA_33_2014","PSA_34_2014","PSA_35_2014","PSA_36_2014","PSA_37_2014","PSA_38_2014","PSA_39_2014","PSA_40_2014","PSA_41_2014"
"NSFTV_1",41149.03728,58417.22836,64188.59646,82252.41262,93548.41862,109660.1276,123868.1948,138741.4557,153033.1783,191309.2803,188031.6067,204636.7025,220837.1877,242666.4268,269474.8642,295750.1203,324988.6618,350314.094,373303.6311,405597.6372
"NSFTV_10",24221.04296,33760.69678,38401.07341,49699.47439,57747.20543,66124.22514,75249.13216,86282.19007,98825.82184,111001.9806,126513.6936,143555.484,161068.8328,179749.931,200081.2303,223464.5469,248383.9058,271175.9476,293278.3594,307174.6181
"NSFTV_100",NA,NA,NA,NA,NA,NA,NA,NA,NA,NA,NA,NA,NA,NA,NA,NA,NA,NA,NA,NA
"NSFTV_101",22527.37061,33684.72836,38878.26313,52386.91262,61796.25195,73268.46093,86660.19484,100187.1223,113556.1783,133680.2803,146425.6067,165753.7025,188013.6877,215338.5934,238776.8642,272034.7869,302299.1618,331883.094,367855.2978,353075.2244
"NSFTV_102",44607.53728,60646.39503,72442.42979,97073.24595,113493.5853,132680.6276,155672.1948,177341.789,198640.0116,225228.814,245910.2734,286058.8692,313994.5211,345234.2754,383170.8642,431202.6203,469932.1618,506169.094,551356.2978,564126.9744
"NSFTV_103",24270.70394,34170.89503,39433.76313,54066.24595,61351.75195,70562.29426,72946.83935,93929.95567,107056.6783,121832.9806,132223.9401,148930.7025,165518.5211,186424.5934,207446.6975,235243.9536,264276.1618,294949.2606,324494.4644,352133.9705
"NSFTV_104",23626.79296,32285.07178,38557.19841,52673.34939,60661.83043,67518.10014,79138.00716,91340.56507,103559.1968,112565.6473,130925.1936,148755.859,162860.5828,183875.056,203516.4803,228035.5469,250903.4058,274970.8226,300783.6094,327648.7431
"NSFTV_105",41506.79296,61290.19678,71858.57341,96381.97439,110893.8304,130426.2251,148345.8822,168822.8151,187779.5718,230493.9806,234374.1936,266908.234,292649.2078,314640.4664,366015.3553,405437.0469,454436.4058,501591.1976,527290.3594,589976.8681
"NSFTV_106",69949.54296,96896.19678,117743.8234,157508.3494,179958.0804,210245.3501,236860.1322,265819.5651,291481.4468,341394.1473,363730.1936,406998.359,437822.4578,467555.931,486586.1872,559218.2969,570514.5308,600999.9476,644921.1094,652674.3681
"NSFTV_107",47429.91796,64467.94678,74307.82341,98075.09939,110145.3304,123657.8501,141807.0072,162638.6901,175771.8218,200001.814,225798.5686,249089.234,279611.4578,312696.806,339089.4803,372602.1719,401198.4058,430495.1976,448272.3594,470188.1181
"NSFTV_108",20909.70394,25037.22836,28673.09646,35804.57928,41813.58528,49421.6276,55707.69484,63761.45567,72169.01161,81829.31397,90078.60673,100042.2025,111188.6877,122118.2601,136549.8642,155044.2869,172687.1618,186410.094,202731.6311,218495.6372
"NSFTV_109",41723.20394,63484.89503,70577.92979,95118.41262,109181.5853,126336.7943,149513.5282,171390.6223,195508.5116,217546.2803,241158.7734,271299.3692,297646.5211,330244.0934,364002.3642,402024.9536,445522.8285,469387.594,501422.1311,541740.6372
"NSFTV_11",59985.53728,83017.56169,94003.76313,118211.9126,127362.0853,154302.9609,175459.5282,202512.6223,237616.3449,282165.7803,300653.7734,333420.2025,371636.3544,417585.7601,452443.3642,505683.2869,536811.6618,565962.594,635235.2978,692900.4705
"NSFTV_110",NA,NA,NA,NA,NA,NA,NA,NA,NA,NA,NA,NA,NA,NA,NA,NA,NA,NA,NA,NA
"NSFTV_111",NA,NA,NA,NA,NA,NA,NA,NA,NA,NA,NA,NA,NA,NA,NA,NA,NA,NA,NA,NA
"NSFTV_112",38421.87061,58738.39503,66818.59646,90998.57928,106582.0853,120539.4609,138194.5282,153245.789,178375.6783,207032.2803,228727.2734,256021.0359,285574.1877,322488.4268,363573.1975,415017.4536,449543.3285,492766.7606,532410.1311,563437.6372
"NSFTV_113",42771.70394,60300.39503,70283.09646,90076.41262,101593.0853,114457.1276,130838.0282,149139.9557,164842.3449,183879.314,205165.9401,229331.2025,247518.5211,269548.7601,293288.1975,317874.1203,333445.3285,350849.4273,373287.4644,394714.1372
"NSFTV_114",47840.53728,67864.89503,77087.76313,101290.246,118347.7519,136903.2943,157527.0282,183576.289,205824.8449,258163.5303,258276.6067,294121.2025,317669.8544,346499.5934,383228.6975,425342.7869,457647.4951,468340.7606,471005.4644,542845.4705
"NSFTV_115",34051.03728,48586.72836,55077.09646,71731.24595,83788.58528,96820.79426,111727.0282,126816.789,147461.1783,184329.5303,187847.7734,211355.0359,235964.3544,262834.5934,292870.3642,329491.4536,360071.8285,392262.594,423104.4644,460313.1372
"NSFTV_116",29229.79296,37237.07178,43919.69841,58412.84939,67818.08043,75336.97514,89045.88216,106192.6901,117895.8218,110857.814,146136.5686,165097.734,180579.0828,202077.306,218960.1053,240448.0469,263306.1558,287535.0726,312564.9844,334429.6181
"NSFTV_117",58396.54296,78714.32178,94262.64469,122304.9744,140211.0804,161474.1001,183227.8822,205700.4401,233604.5718,276571.6473,293464.3186,319584.609,350602.3867,379192.306,412119.1053,448871.9219,475228.1558,510242.3226,546069.7344,546737.3366
"NSFTV_118",39342.03728,56757.22836,68125.09646,85530.07928,97704.08528,113903.9609,130378.0282,147694.4557,166854.8449,187451.0303,203006.1067,225737.2025,244661.0211,281632.9268,311190.3642,350852.2869,379710.9951,418416.094,450238.4644,458480.2244
"NSFTV_119",NA,NA,NA,NA,NA,NA,NA,NA,NA,NA,NA,NA,NA,NA,NA,NA,NA,NA,NA,NA
"NSFTV_12",NA,NA,NA,NA,NA,NA,NA,NA,NA,NA,NA,NA,NA,NA,NA,NA,NA,NA,NA,NA
"NSFTV_120",58530.04296,78283.07178,97465.69841,128452.3494,140342.7054,167996.8501,192141.6322,225020.9401,253308.4468,290918.6473,327139.0686,359500.359,392587.2078,437624.181,476579.4803,538697.7969,579313.7808,599421.3226,649568.8594,687353.7431
"NSFTV_121",37943.16796,50918.32178,57667.69841,75960.97439,87270.45543,98134.85014,112039.6322,127527.0651,145311.1968,163381.6473,181834.0686,201577.109,224933.8328,253250.056,281905.4803,313254.0469,335098.4058,365948.3226,389599.8594,416636.9931
"NSFTV_122",38362.04296,52403.94678,59343.44841,75669.59939,87940.08043,102349.3501,120422.6322,135602.3151,156007.6968,182733.814,193167.8186,217642.734,241934.8328,266476.056,294507.9803,323651.7969,364289.7808,392085.4476,417833.9844,443587.2431
"NSFTV_123",42470.03728,57702.89503,69069.09646,89198.41262,101558.5853,117933.6276,135419.0282,148459.1223,167160.1783,189087.6473,207574.9401,231541.8692,257922.5211,286411.4268,320590.0308,355248.1203,391150.1618,422632.2606,471144.9644,498173.9705
"NSFTV_124",44639.22508,62797.75365,73661.52319,99396.63326,115113.3607,132519.9284,152353.651,175176.5978,200162.5011,226421.9779,248806.8621,277677.8655,303221.8315,337667.3014,370768.1568,406341.5421,443602.4491,481272.1975,515016.0544,547503.4686
"NSFTV_125",73176.53728,103390.395,121313.0965,159452.746,185014.5853,213236.1276,240477.3615,269255.1223,287359.3449,331312.314,353165.4401,392090.0359,421528.3544,464530.4268,510802.5308,547151.2869,582024.8285,604624.4273,639481.2978,670913.4705
"NSFTV_126",NA,NA,NA,NA,NA,NA,NA,NA,NA,NA,NA,NA,NA,NA,NA,NA,NA,NA,NA,NA
"NSFTV_128",35069.03728,47871.22836,55504.42979,72792.24595,82790.41862,97479.1276,116082.6948,131441.289,147699.1783,168767.314,196464.4919,222816.2025,248959.0211,279224.4268,315159.3642,354024.9536,388687.1618,432742.2606,425785.4644,455944.9744
"NSFTV_129",49717.37061,65918.39503,77315.59646,101402.9126,115887.4186,134282.7943,154944.1948,174776.789,197563.6783,215604.4806,234353.2734,259485.0359,288193.0211,314033.4268,339281.0308,373729.1203,399130.8285,423136.094,440984.7978,462297.4705
"NSFTV_13",54939.03728,72700.56169,84737.09646,109771.0793,128870.0853,147409.7943,168895.5282,191215.789,214244.0116,256890.0303,258674.4401,293640.7025,326332.0211,366989.4268,412447.3642,459392.9536,482714.9951,528232.094,533565.7978,562148.3039
"NSFTV_130",45636.87061,60957.06169,72977.42979,94647.07928,109789.0853,125226.4609,145296.6948,167282.4557,188714.6783,219184.2803,227749.1067,256548.5359,284227.1877,310265.2601,338159.8642,371050.1203,406082.3285,435453.594,453449.2978,490254.3039
"NSFTV_131",39063.20394,59328.06169,68964.92979,92699.57928,106362.4186,124071.6276,147391.8615,172073.789,198679.0116,234766.5303,257424.9401,290104.7025,322579.6877,365499.5934,413085.1975,461059.7869,516379.1618,565559.2606,598049.4644,643061.6372
"NSFTV_132",50820.03728,72550.39503,85863.42979,117625.746,134871.5853,157684.9609,183523.0282,208926.289,236126.3449,278618.7803,297322.6067,335962.5359,376161.6877,420951.2601,456146.6975,510217.4536,551819.4951,593901.094,639695.1311,700523.3039
"NSFTV_133",25793.70394,34251.39503,39753.76313,56910.91262,63964.75195,72510.46093,85688.02817,99741.62234,116873.0278,127603.9806,140718.2734,158825.8692,179356.8544,200883.2601,227278.5308,250733.7869,273029.9951,299017.4273,333541.2978,367644.1372
"NSFTV_134",38870.04296,56016.57178,68213.44841,84312.86516,102226.5804,117466.7251,131748.1322,147247.9401,166200.4468,209350.6473,210611.5686,231937.1542,255605.0828,283639.056,316409.6053,354148.1719,385445.2808,421133.0726,446197.5184,491787.4931
"NSFTV_135",40734.53728,56922.06169,65947.26313,87343.24595,100660.9186,117824.6276,136909.8615,151937.6223,173413.3449,197960.814,229157.9401,255061.0359,286840.0211,325293.2601,373340.8642,410623.1203,441629.6618,491171.4273,514677.2978,548027.6372
"NSFTV_136",NA,NA,NA,NA,NA,NA,NA,NA,NA,NA,NA,NA,NA,NA,NA,NA,NA,NA,NA,NA
"NSFTV_137",NA,NA,NA,NA,NA,NA,NA,NA,NA,NA,NA,NA,NA,NA,NA,NA,NA,NA,NA,NA
"NSFTV_138",NA,NA,NA,NA,NA,NA,NA,NA,NA,NA,NA,NA,NA,NA,NA,NA,NA,NA,NA,NA
"NSFTV_139",31908.20394,40143.56169,44044.09646,58374.74595,68996.58528,77026.1276,91348.86151,101226.4557,115440.6783,116006.5303,146235.2734,161458.2025,180827.5211,200077.9268,224582.0308,251787.1203,274122.8285,297526.594,323409.9644,346262.4705
"NSFTV_14",37330.16796,53031.57178,61755.82341,82353.84939,94987.70543,110848.6001,127214.1322,146045.6901,167124.3218,201358.314,206894.8186,233861.734,259427.0828,295343.931,331774.2303,365539.7969,397748.2808,439541.0726,475646.6094,503581.6181
"NSFTV_140",49405.87061,69854.39503,80599.26313,107380.0793,122970.5853,142620.9609,157591.3615,182909.289,212808.5116,229807.0303,263189.1067,288916.3692,321389.8544,357704.2601,387609.5308,429501.7869,466570.1618,513128.9273,561197.9644,601845.1372
"NSFTV_141",52709.70394,72165.06169,82810.09646,114178.4126,130167.5853,148430.4609,176643.5282,205958.9557,231437.0116,273938.2803,298287.2734,329560.8692,368251.3544,396207.0934,430047.3642,477895.9536,482905.8285,525534.7606,555248.6311,603715.4705
"NSFTV_142",41366.41796,52597.82178,59398.44841,82807.72439,95694.33043,112086.1001,128677.3822,148061.6901,166874.0718,175243.314,210910.3186,230396.484,255090.3328,289942.306,318956.3553,356066.9219,388639.7808,424428.8226,450276.1094,495509.1181
"NSFTV_143",34738.09378,48308.23465,59238.56778,79164.0052,87230.31477,99114.60429,119723.4263,137667.7041,152495.0868,173347.1332,197078.8896,223325.1331,245930.2739,275268.7979,308116.5805,344204.5218,378093.6304,418343.0118,450105.1045,472715.9456
"NSFTV_144",26663.37061,38641.72836,44966.76313,61704.24595,72396.58528,81001.29426,92264.36151,103787.4557,120189.0116,136129.814,151799.1067,170354.3692,191195.0211,215700.5934,241208.8642,275353.1203,305498.6618,334529.4273,371382.6311,404998.6372
"NSFTV_145",47598.87061,64299.22836,74091.42979,99505.07928,112101.0853,129895.4609,147236.6948,170183.1223,185313.5116,212325.4806,239494.7734,272276.3692,304686.6877,341341.5934,379896.3642,425020.1203,462131.6618,510316.594,554909.6311,534449.4744
"NSFTV_146",45442.21878,63476.23465,72865.06778,96560.8802,109470.3148,133393.2293,156274.1763,181625.4541,214259.8368,251523.0505,273450.0146,307424.5081,339535.5239,362585.7979,388171.7055,417890.6468,427706.6304,464851.5118,508192.7295,547638.1999
"NSFTV_147",34472.34378,47177.48465,53923.56778,70743.5052,81057.31477,92683.10429,109494.9263,124560.4541,139861.5868,159380.6332,176832.2646,202398.8831,223271.7739,246167.0479,270826.4555,295343.342,328169.5054,356428.1368,394633.9795,423967.4499
"NSFTV_148",43449.71878,56865.48465,66004.31778,81449.04324,92570.06477,108071.2293,123539.3013,141753.0791,164315.9618,174383.2172,213583.5146,240319.6331,267156.1489,297285.6729,332534.9555,378452.1468,414742.0054,449774.6368,489358.7295,504556.1123
"NSFTV_149",28916.03728,39266.72836,45387.92979,59157.74595,66584.75195,77961.79426,91683.36151,107232.289,123832.8449,138162.9806,156259.9401,171286.5359,192932.8544,219141.0934,249165.3642,273231.1203,305281.3285,336874.094,375761.9644,422943.9705
"NSFTV_15",31821.70394,43106.06169,48986.59646,66376.24595,76776.41862,85417.6276,100215.3615,113229.4557,130483.8449,160159.0303,165432.6067,189806.5359,211084.8544,236954.7601,259582.3642,286986.9536,314702.3285,340903.4273,364950.4644,350397.4744
"NSFTV_150",30322.71878,39083.10965,46714.56778,61792.6302,69257.43977,78864.47929,88838.05135,101631.3291,115621.7118,132851.2582,143839.5146,164129.5081,181074.3989,203487.0479,226492.9555,257176.5218,277605.3804,309360.0118,323138.7295,360820.3249
"NSFTV_151",25683.53728,37451.72836,42967.26313,56678.24595,64759.75195,72513.79426,82389.45062,93631.12234,104917.5116,118550.9806,130318.9401,145354.5359,163189.0211,183624.4268,206471.5308,234197.9536,263126.9951,289223.094,317623.1311,346301.1372
"NSFTV_152",41551.71878,58953.85965,68025.31778,91212.5052,102236.4398,118011.9793,137077.5513,159745.2041,179093.5868,199064.8839,224240.2646,251077.7581,277964.3989,310735.5479,351148.9555,392495.3968,439743.1304,476683.5118,523123.6045,569183.8249
"NSFTV_153",35672.70394,52542.39503,61941.59646,84469.07928,99384.08528,116720.4609,132707.5282,152578.1223,170926.8449,184684.7803,210302.2919,239895.0359,266167.6877,292101.2601,326995.8642,365982.7869,398907.9951,438303.9273,482369.4644,510906.8039
"NSFTV_154",55984.09378,78987.48465,94673.19278,121512.6302,137804.5648,157932.6043,177117.1763,198579.5791,226115.9618,261816.7582,289449.3896,326568.0081,354766.1489,392000.2979,435384.9555,479549.3968,481648.8804,511007.5118,517962.6045,547233.4499
"NSFTV_155",41400.84378,57825.98465,65657.81778,90823.8802,104334.0648,118077.1043,136331.1763,153543.3291,173691.9618,186400.8839,220404.1396,250508.3831,278928.6489,313120.1729,347049.8305,389585.2718,423656.1304,459338.1368,503145.1045,545561.5749
"NSFTV_156",49695.20394,70794.06169,84277.92979,110591.9126,128371.9186,154175.6276,175482.3615,199618.6223,220439.0116,254675.6473,283095.2734,312546.5359,343476.0211,374155.0934,417150.6975,468335.2869,509698.1618,556437.7606,582068.1311,609321.4705
"NSFTV_157",20493.53728,28100.22836,32368.59646,43661.57928,49870.08528,57021.1276,68445.86151,77685.62234,91959.67828,77231.53027,115001.9401,130297.3692,148034.5211,169421.2601,187633.3642,213004.6203,235357.9951,260264.4273,290640.4644,318395.8039
"NSFTV_158",23241.87061,32374.06169,38322.26313,52052.24595,63573.25195,72699.96093,85775.19484,99497.62234,114645.3449,137498.7803,149919.7734,172241.2025,192717.1877,220001.7601,251264.3642,281019.7869,318203.6618,348087.4273,372571.7978,391654.9744
"NSFTV_159",57165.37061,83243.39503,99502.59646,137076.5793,159966.4186,190060.6276,219056.0282,256282.9557,291150.8449,336201.7803,367937.2734,403676.3692,446237.1877,490340.2601,541528.5308,608317.2869,660366.3285,702370.2606,745583.1311,785817.8039
"NSFTV_16",43583.66796,61433.19678,71634.57341,91956.97439,103144.7054,115905.7251,128500.7572,145450.4401,164208.3218,182120.6473,199156.5686,217424.859,244079.2078,265463.431,287757.2303,316562.2969,350784.1558,384191.6976,418160.6094,452694.9931
"NSFTV_160",37703.09378,53939.35965,61778.94278,81870.8802,93578.68977,109177.8543,125960.6763,140142.8291,152331.8368,175129.2582,196141.6396,218163.0081,233370.5239,261598.9229,294729.2055,335625.1468,359237.5054,398770.8868,431284.2295,448956.4499
"NSFTV_161",34771.96878,49760.23465,59039.06778,78267.2552,91454.31477,106737.7293,124720.4263,142981.0791,159048.4618,182497.0082,199481.7646,229162.7581,252560.7739,281647.4229,312154.5805,346961.1468,369391.8804,395926.2618,435500.2295,446114.5749
"NSFTV_162",41145.84378,58820.60965,69246.19278,90111.8802,106571.3148,121671.4793,149208.4263,167095.2041,193701.3368,212697.7172,252622.8896,275444.1331,302143.5239,333308.4229,373372.9555,423325.5218,460653.0054,507585.7618,546118.2295,584114.1999
"NSFTV_163",57883.20394,77629.72836,89573.42979,119727.5793,135790.0853,161334.1276,187091.5282,213995.4557,224100.8449,255141.314,273080.7734,320500.5359,356384.0211,392839.7601,430587.5308,461478.1203,473628.6618,511585.7606,550420.6311,584249.1372
"NSFTV_164",28531.59378,36436.88764,41689.69278,55276.3802,62594.31477,72593.72929,84387.80135,95127.07913,105306.3368,119188.8832,132755.7051,146125.7581,161285.0239,184965.5479,203559.3305,226291.0218,247875.2554,264702.2618,295316.2295,319637.2789
"NSFTV_165",32631.46878,46053.10965,52666.31778,70952.3802,83713.56477,94932.22929,109084.9263,127244.7041,140343.3368,163267.7172,175420.1396,198122.7581,221988.5239,252108.7979,280426.8305,309415.6468,336056.3804,375766.7618,418371.1045,454679.5749
"NSFTV_166",45582.87061,63984.06169,76998.92979,100767.246,116149.4186,131616.7943,152584.5282,171012.1223,189447.8449,207836.314,235424.9401,265738.7025,291826.5211,322194.9268,358475.6975,398818.4536,447262.3285,496818.594,538358.7978,531909.9744
"NSFTV_167",20736.25318,28687.39971,33704.28278,43167.15673,48015.87975,55673.72672,65678.4649,75461.14649,85819.21219,96756.29981,106644.7296,121696.2067,134617.0025,151539.668,169184.8651,193178.4524,215463.3131,239461.911,262885.612,289066.1542
"NSFTV_168",41001.96878,57192.85965,66189.56778,84983.8802,94168.68977,107115.2293,122125.0513,140015.0791,155994.8368,176734.3839,192202.0146,215908.6331,236127.1489,262491.0479,289971.8305,322430.2718,357297.1304,389515.2618,428937.3545,460776.6999
"NSFTV_169",43959.53728,60025.56169,70598.26313,95961.24595,109269.7519,124697.9609,145928.8615,168301.289,186166.0116,218782.7803,240079.4401,270107.3692,295279.0211,332758.4268,364381.6975,401881.1203,404549.3285,423365.2606,472924.4644,485746.1372
"NSFTV_17",26257.79296,37023.19678,44419.69841,60256.72439,69732.08043,82214.35014,97924.00716,111540.0651,128362.3218,142563.314,165733.4436,189682.859,215804.2078,238883.931,268725.4803,308341.7969,337147.9058,364637.1976,381676.1094,407826.3681
"NSFTV_170",NA,NA,NA,NA,NA,NA,NA,NA,NA,NA,NA,NA,NA,NA,NA,NA,NA,NA,NA,NA
"NSFTV_171",67226.03728,97772.06169,112985.5965,146030.746,167396.0853,193244.1276,225084.5282,257040.9557,274609.3449,323828.814,347354.2734,381148.0359,408395.1877,451601.2601,491171.3642,531110.1203,548683.8285,586030.9273,615556.1311,652292.8039
"NSFTV_172",45822.96878,65314.60965,75106.94278,101071.2552,112709.9398,130727.3543,152472.1763,167919.8291,197077.3368,235051.8839,257668.6396,277958.7581,312043.2739,335007.4229,371686.9555,410197.5218,417553.2554,445893.0118,471287.8545,505214.6123
"NSFTV_173",35472.03728,48315.56169,56814.92979,75684.91262,86620.58528,99006.1276,115788.5282,130800.789,147222.0116,178280.0303,183941.4401,209747.0359,235557.6877,263437.2601,294592.0308,330111.9536,370845.6618,399988.7606,427357.6311,445392.4744
"NSFTV_174",39800.53728,52712.39503,61184.09646,81741.41262,93957.25195,104685.2943,120228.8615,137747.4557,162416.8449,183715.314,207721.7734,235481.8692,262712.3544,292086.0934,324317.0308,365579.7869,395437.9951,427709.7606,443658.6311,495443.8039
"NSFTV_175",NA,NA,NA,NA,NA,NA,NA,NA,NA,NA,NA,NA,NA,NA,NA,NA,NA,NA,NA,NA
"NSFTV_176",28030.20394,38032.89503,41747.26313,52347.07928,61479.41862,71857.29426,86473.36151,100323.8658,114573.3449,137659.5303,151516.9401,169041.7025,195991.3544,215375.9268,240619.5308,268014.6203,292067.8285,321183.4273,343332.6311,372742.1372
"NSFTV_177",31784.53728,44797.06169,51315.59646,67313.07928,78459.25195,89622.29426,105108.5282,118101.1223,133073.0116,167663.0303,165479.9401,187446.3692,210748.5211,232214.7601,254911.0308,276325.2869,302061.8285,327185.4273,354419.6311,327862.4744
"NSFTV_178",NA,NA,NA,NA,NA,NA,NA,NA,NA,NA,NA,NA,NA,NA,NA,NA,NA,NA,NA,NA
"NSFTV_179",45606.37061,62693.39503,75047.09646,97861.57928,110015.4186,127925.9609,150323.0282,170714.9557,187313.8449,204650.0303,229118.9401,257371.7025,285559.5211,314859.7601,335107.3642,369456.2869,383624.8285,410607.4273,440410.9644,475493.6372
"NSFTV_18",59801.03728,79265.39503,87634.76313,115770.4126,134517.2519,152126.7943,175230.3615,199672.1223,226402.0116,265257.0303,275909.9401,309034.5359,345512.1877,387070.4268,426062.3642,467934.6203,507598.8285,521303.4273,585769.7978,628336.3039
"NSFTV_180",24899.03728,32352.06169,35969.92979,49895.41262,57644.58528,68632.64175,79026.19484,91988.45567,98265.84495,103062.0303,119290.6067,134080.7025,148801.1877,164271.2601,181730.0308,204451.2869,221915.4951,244429.594,268758.4644,286243.6372
"NSFTV_181",NA,NA,NA,NA,NA,NA,NA,NA,NA,NA,NA,NA,NA,NA,NA,NA,NA,NA,NA,NA
"NSFTV_182",24707.20394,31790.89503,36645.92979,48297.24595,53342.41862,60340.1276,71075.86151,82248.62234,95295.01161,105456.2803,121416.2734,136765.8692,155981.8544,177751.0934,202889.0308,230384.1203,259167.1618,287570.594,314007.7978,344939.9705
"NSFTV_183",37334.70394,52757.39503,61879.92979,86669.07928,99302.75195,111324.2943,130927.0282,151433.9557,172535.5116,215124.0303,224541.2734,257316.3692,287437.0211,314215.0934,351484.0308,391080.7869,423152.4951,457144.594,763015.1311,554666.4705
"NSFTV_184",45909.09378,59961.48465,69228.31778,92987.7552,106749.3148,126810.7293,145196.8013,165909.9541,189235.4618,231658.0505,234247.2646,264710.6331,295909.0239,329188.2979,361933.5805,409370.1468,455675.3804,494840.2618,526266.9795,570337.1999
"NSFTV_185",36680.53728,48709.56169,54731.42979,71189.91262,85275.58528,98738.96093,111594.0282,129472.789,146518.0116,194141.2803,189224.1067,212249.0359,234048.5211,267811.5934,299096.6975,333842.4536,376675.4951,418134.9273,466351.6311,501776.6372
"NSFTV_186",26302.20394,38601.39503,44256.59646,59379.57928,69707.08528,79450.46093,90154.19484,102975.4557,116348.1783,151044.2803,145438.2734,166976.8692,184074.3544,209021.2601,228081.3642,254461.2869,282602.6618,302719.4273,343034.6311,332585.7244
"NSFTV_187",27547.20394,33237.39503,38019.42979,46344.24595,52338.75195,55930.1276,65891.19484,74835.05929,84101.01161,91807.03027,104186.2734,112369.0359,121542.0211,133945.9268,147431.5308,166041.4536,180229.6618,191728.094,206199.7978,217266.8039
"NSFTV_188",32754.70394,44438.72836,51176.26313,68696.24595,76482.58528,89931.29426,106419.5282,128182.9557,141239.6783,159715.6473,179914.9401,204440.0359,231189.5211,257304.2601,293183.6975,330165.9536,370546.1618,404494.4273,444952.2978,486536.6372
"NSFTV_189",41945.37061,60747.39503,71731.92979,95150.74595,109144.7519,125833.1276,143182.5282,160050.4557,180025.0116,201812.7803,224279.4401,251530.8692,282231.6877,312459.0934,342962.3642,376013.1203,418158.3285,453257.4273,486697.9644,521926.4705
"NSFTV_19",52468.03728,69367.22836,82126.92979,102228.746,115025.5853,128002.6276,147105.3615,163857.789,179750.0116,195171.2803,215057.2734,237826.5359,266071.0211,293358.4268,322971.8642,356760.4536,389543.1618,421396.7606,460003.9644,495268.1372
"NSFTV_190",24708.84378,34183.10965,38861.81778,53323.8802,65679.56477,75471.60429,84304.05135,97947.20413,114621.3368,127566.7172,146044.8896,164217.3831,179894.0239,207281.7979,232491.3305,266768.7718,302505.5054,337805.5118,374232.1045,381915.7789
"NSFTV_191",50674.34378,68124.85965,80559.81778,109074.8802,124506.1898,144802.1043,165733.9263,183102.8291,208024.4618,234811.0505,243433.0146,278511.6331,303245.3989,339534.9229,361661.0805,404017.6468,437365.2554,463775.6368,473752.2295,519099.9499
"NSFTV_192",37117.03728,50084.39503,59307.92979,78251.74595,88252.75195,103160.9609,112640.6948,125944.1223,139119.1783,152012.6473,165604.2734,179395.2025,199367.1877,221440.2601,237955.1975,257053.1203,277430.3285,291999.4273,306043.7978,328490.8039
"NSFTV_193",36421.03728,49899.06169,57536.42979,77555.74595,89067.75195,104147.7943,121892.0282,143817.4557,162921.6783,178947.5291,198849.3258,216000.4509,239992.9813,273137.7779,298124.5308,334525.6203,372142.4951,404971.4273,447049.7978,480568.4705
"NSFTV_194",NA,NA,NA,NA,NA,NA,NA,NA,NA,NA,NA,NA,NA,NA,NA,NA,NA,NA,NA,NA
"NSFTV_195",54657.20394,77860.56169,90239.59646,119752.5793,136411.0853,162352.4609,183131.0282,209441.9557,224363.0116,265073.814,292771.2734,329374.5359,361476.3544,404536.7601,450483.6975,502902.7869,553095.8285,595016.7606,646151.6311,720712.4744
"NSFTV_196",NA,NA,NA,NA,NA,NA,NA,NA,NA,NA,NA,NA,NA,NA,NA,NA,NA,NA,NA,NA
"NSFTV_197",NA,NA,NA,NA,NA,NA,NA,NA,NA,NA,NA,NA,NA,NA,NA,NA,NA,NA,NA,NA
"NSFTV_198",39906.96878,57238.35965,66295.81778,87237.8802,99134.43977,112504.8543,128925.8013,148111.9541,166448.0868,186464.2582,207645.6396,234966.2581,259059.8989,290848.2979,325529.7055,362909.1468,396866.5054,424292.3868,444426.4795,475708.3249
"NSFTV_199",44698.20394,62404.06169,71747.76313,95408.57928,107947.0853,128705.9609,153908.3615,172612.289,199578.5116,242074.5303,255954.7734,279054.2025,314529.8544,345744.9268,370928.6975,424090.6203,461241.4951,491853.094,533555.7978,591041.6372
"NSFTV_20",NA,NA,NA,NA,NA,NA,NA,NA,NA,NA,NA,NA,NA,NA,NA,NA,NA,NA,NA,NA
"NSFTV_200",60107.21878,85310.35965,102214.3178,138036.7552,158654.6898,179573.1043,207932.1763,239817.9541,271218.8368,317461.2172,340519.8896,387407.2581,432130.3989,482069.7979,536369.0805,592839.0218,648144.0054,693863.5118,704858.7295,749271.5749
"NSFTV_201",NA,NA,NA,NA,NA,NA,NA,NA,NA,NA,NA,NA,NA,NA,NA,NA,NA,NA,NA,NA
"NSFTV_202",45427.7759,61878.79152,72127.39256,89062.03908,104179.595,123311.6825,141560.3202,162224.2369,181976.8912,204974.5303,224041.6831,252154.6397,279758.6476,301257.9183,324239.382,344063.017,371823.4237,382326.6367,402833.9246,477564.1753
"NSFTV_203",50016.96878,65692.73465,75445.81778,94098.7552,108289.8148,126116.6043,149042.3013,171444.0791,194065.2118,234180.8839,246619.7646,269277.7581,291433.8989,304469.5479,329261.8305,362919.3968,385789.1304,408783.5118,428350.8545,474394.1999
"NSFTV_204",NA,NA,NA,NA,NA,NA,NA,NA,NA,NA,NA,NA,NA,NA,NA,NA,NA,NA,NA,NA
"NSFTV_205",38455.21878,51632.85965,60757.81778,78687.8802,90576.06477,101977.3543,120170.8013,137127.4541,156994.8368,177939.7582,202594.5146,229041.8831,252041.5239,279601.2979,306851.5805,341956.1468,379350.6304,405391.3868,433504.4795,450050.6123
"NSFTV_206",50309.37061,68171.56169,76586.26313,103178.5793,116032.5853,132148.4609,151797.0282,169775.9557,193399.1783,215793.814,231423.2734,254446.8692,280856.8544,310126.7601,341865.5308,376397.9536,411517.1618,448909.094,476204.4644,523569.8039
"NSFTV_207",44513.59378,61615.73465,72411.56778,93897.3802,107683.5648,126223.1043,145244.6763,162186.4541,182476.9618,203329.5505,227935.6396,253811.6331,281868.1489,312965.7979,344945.8305,387227.0218,420156.6304,461736.1368,499604.7295,539297.9499
"NSFTV_208",48301.87061,69880.06169,80646.26313,112570.746,130858.0853,151511.7943,178633.0282,207181.9557,237447.5116,271284.0303,311522.4401,352924.5359,392948.1877,443810.7601,495027.5308,548948.6203,601689.6618,661998.4273,690415.4644,710296.4744
"NSFTV_209",87810.76331,119455.7535,126220.4818,146588.283,156584.0032,185630.5344,212196.1209,246798.4495,269992.3126,312505.091,337861.238,382791.4249,402618.5323,463062.9112,503208.7294,553495.2265,602229.0363,636593.7654,719445.0249,716545.3879
"NSFTV_21",47249.54296,69390.19678,81146.32341,109834.8494,123795.3304,144130.4751,168899.0072,191234.3151,220400.4468,230355.9806,281347.9436,310942.609,342765.4578,377101.806,419696.3553,467121.5469,497837.6558,538155.8226,572633.7344,615934.6181
"NSFTV_211",36362.5259,51010.04152,58246.39256,73778.78908,80263.59499,92535.43252,104704.8202,117460.7369,133253.6412,151326.5303,169859.1831,188820.6397,204621.1476,225641.4183,248640.132,281112.267,311366.6737,326886.8867,351662.1746,378147.4253
"NSFTV_212",NA,NA,NA,NA,NA,NA,NA,NA,NA,NA,NA,NA,NA,NA,NA,NA,NA,NA,NA,NA
"NSFTV_213",35358.03728,47206.89503,55000.76313,70021.91262,78051.25195,91705.46093,104519.1948,125002.1223,144307.6783,162679.814,172583.7734,190038.3692,212033.0211,236719.4268,260765.8642,298448.7869,328823.9951,360945.4273,397984.9644,428465.9705
"NSFTV_214",28604.19194,37874.72836,43023.42979,54799.41262,62467.75195,72846.96093,85649.86151,101384.289,117128.8449,127629.314,142574.4401,159734.0359,177069.6877,193179.9268,219502.5308,247453.4536,267907.3285,292689.9273,308321.1311,323601.8039
"NSFTV_215",42698.20394,59194.72836,68729.26313,89885.57928,101190.0853,112990.9609,134497.8615,158417.9557,176767.6783,196724.7803,214301.7734,246256.8692,269968.8544,301252.9268,332551.6975,370128.9536,406772.8285,439092.9273,476990.7978,527733.9705
"NSFTV_216",35145.70394,52129.89503,60721.26313,79185.57928,92078.58528,108258.9609,127796.8615,147488.9557,166955.1783,194949.2803,212783.1067,240242.0359,270132.3544,300235.0934,337104.0308,376221.7869,416649.6618,449762.2606,496480.7978,530292.3039
"NSFTV_217",31994.70394,43296.89503,50217.09646,65525.07928,75832.91862,87137.96093,100206.0282,112650.4557,128353.3449,157292.0303,158836.2734,169658.8692,188415.0211,216398.9268,239105.5308,263061.7869,291834.9951,319041.9273,339615.6311,387767.3802
"NSFTV_218",20343.87061,26894.56169,30933.42979,43408.24595,51070.08528,58055.1276,68874.69484,79148.12234,91638.17828,102769.6473,115130.4401,128366.0359,148485.5211,171193.0934,188772.3642,210166.1203,233354.6618,256375.7606,281808.1311,308167.4705
"NSFTV_219",50160.03728,72836.06169,83764.92979,112220.746,128357.4186,148367.2943,164836.0282,188291.9557,207989.8449,235615.1473,263924.2734,288537.3692,307579.0211,342601.4268,374132.0308,410360.1203,431226.1618,471900.594,501976.1311,537314.9705
"NSFTV_22",NA,NA,NA,NA,NA,NA,NA,NA,NA,NA,NA,NA,NA,NA,NA,NA,NA,NA,NA,NA
"NSFTV_220",47918.34378,68148.23465,80363.19278,96487.7552,110352.3148,130569.2293,152292.9263,176422.7041,196244.8368,230236.7582,249690.0146,283938.2581,315556.5239,347058.1729,380122.5805,426118.1468,450648.3804,485913.1368,519026.1045,548811.0749
"NSFTV_221",51837.70394,72430.56169,84692.92979,107784.246,122394.5853,145494.4609,165871.1948,187751.1223,200150.0116,244448.6473,265254.6067,305457.8692,337954.0211,373173.9268,420333.0308,453877.4536,486901.4951,507318.094,528259.7978,586229.3039
"NSFTV_222",52917.37061,74098.89503,87500.26313,111862.746,125230.9186,145446.4609,178711.0282,193014.4557,214504.3449,231126.2803,262944.7734,285924.5359,317421.3544,346418.7601,373166.0308,411933.4536,449666.8285,483846.094,523866.7978,581162.7244
"NSFTV_223",50914.70394,75700.89503,86811.76313,114836.5793,126448.4186,148001.2943,162087.5282,186346.6223,212482.6783,240944.1473,257178.7734,289561.7025,306868.1877,328345.0934,371027.0308,426301.6203,464010.9951,491488.7606,526381.7978,551595.4705
"NSFTV_224",51700.96878,73521.10965,84568.69278,111274.3802,129271.6898,143999.6043,166634.3013,187903.5791,210164.3368,241207.8839,254534.0146,288766.3831,314112.5239,349751.0479,394434.3305,436457.1468,468327.3804,512357.8868,563442.8545,603538.4499
"NSFTV_225",42452.20394,55365.72836,63979.76313,85860.74595,102873.7519,117054.6276,129728.5282,149943.6223,170449.0116,187813.814,200941.7734,229969.5359,252985.8544,285006.2601,315569.8642,349191.7869,374628.3285,411562.094,442055.7978,484837.1372
"NSFTV_226",47036.59378,65871.73465,76855.19278,101773.3802,118023.3148,137531.6043,157307.5513,175420.5791,199862.9618,249719.5505,252419.5146,284124.2581,319787.6489,353871.9229,396668.3305,440962.5218,482153.5054,524498.7618,561761.9795,600133.4499
"NSFTV_227",54376.20394,74432.39503,87175.76313,112033.746,128312.7519,144387.6276,162983.5282,185714.789,208829.8449,231295.6473,253900.9401,283690.8692,312055.5211,343897.4268,377936.5308,416258.2869,447149.3285,476228.094,499238.7978,504001.8039
"NSFTV_228",38137.70394,55315.06169,64243.09646,85593.91262,98683.75195,113150.6276,128469.6948,148241.6223,168181.5116,187983.7803,217207.9401,241059.5359,272278.6877,299308.7601,329331.6975,364661.4536,397394.1618,431041.2606,470958.4644,501511.3039
"NSFTV_229",55684.37061,75625.39503,85605.92979,105696.4126,115514.0853,129641.1276,147111.6948,165357.9557,183184.0116,201822.9806,212575.1067,230853.3692,247356.1877,274400.9268,294444.8642,319478.4536,339722.9951,365545.094,384121.4644,413372.9705
"NSFTV_23",69779.41796,97543.44678,114634.4484,143247.7223,161750.7054,185850.8501,214065.6322,251182.6901,283134.6968,336782.9806,363917.5686,421053.109,446780.4578,478394.931,528460.1053,591979.6719,580178.1558,590278.3226,617864.6094,637244.9931
"NSFTV_231",60284.53728,86539.89503,103465.4298,136713.0793,155533.5853,186130.1276,212834.3615,241722.4557,270594.8449,315371.6473,346376.4401,384558.0359,419693.6877,456780.0934,496045.5308,537480.4536,539976.4951,566712.7606,583674.2978,592336.7244
"NSFTV_232",NA,NA,NA,NA,NA,NA,NA,NA,NA,NA,NA,NA,NA,NA,NA,NA,NA,NA,NA,NA
"NSFTV_233",28908.21878,38865.35965,44855.81778,58873.5052,67506.31477,78816.85429,88183.67635,99357.82913,112574.2118,132091.2172,138840.0146,154683.0081,172971.7739,195256.4229,218728.8305,245182.1468,269615.1304,290137.7618,322242.3545,352215.5749
"NSFTV_234",54710.70394,79798.39503,92426.92979,130033.5793,153531.0853,174511.6276,196852.6948,227846.4557,248210.3449,291907.9806,321330.7734,363172.0359,401131.5211,433235.5934,474392.5308,522285.1203,526272.4951,543884.2606,557861.7978,579879.2244
"NSFTV_235",63113.53728,88667.39503,103749.0965,132407.4126,145225.5853,168805.6276,191754.6948,216800.6223,247956.0116,306678.2803,304048.6067,333760.7025,367951.0211,402332.0934,437487.0308,488139.6203,512603.3285,545524.594,556830.9644,605693.9705
"NSFTV_236",30487.71878,42315.73465,48470.19278,66178.8802,76486.18977,88553.10429,99508.55135,115066.3291,129280.4458,150168.1332,166633.0146,186232.7581,208526.7739,237365.9229,265601.3305,303526.8968,331636.0054,366495.5118,404285.1045,403195.9456
"NSFTV_237",38487.87061,47314.22836,54007.42979,68758.41262,76110.91862,87213.29426,102519.3615,121726.289,138193.8449,155189.9806,177092.4401,195092.5359,216209.1877,232391.5934,255849.8642,279412.4536,287456.6618,316487.594,337090.4644,387168.9705
"NSFTV_239",36611.5259,52986.54152,59132.39256,80131.28908,91309.59499,102186.1825,116189.5702,132541.4869,150022.3912,171540.5303,188618.1831,213489.1397,236594.1476,270434.1683,299865.882,339726.267,384725.4237,423572.6367,449640.4246,495563.8879
"NSFTV_24",44905.87061,59617.22836,69074.76313,90079.24595,102682.9186,113362.7943,131212.0282,150483.1223,169050.0116,198576.7803,216961.1067,236968.5359,264146.1877,292571.0934,326193.8642,359975.2869,364703.4951,394946.9273,413387.6311,465212.1372
"NSFTV_240",47603.70394,69774.06169,79527.09646,110531.5793,126135.4186,146564.4609,166269.6948,190691.4557,219714.8449,245650.4806,270849.9401,302957.7025,331694.3544,368723.4268,408860.5308,442586.7869,478684.6618,528940.9273,572289.1311,610391.9705
"NSFTV_241",50275.03728,74392.39503,86470.59646,118118.9126,137792.4186,163261.9609,183751.3615,218401.477,225830.5116,273261.814,284150.6067,321394.0359,340402.8544,362491.7601,402467.5308,437551.2869,461739.3285,475769.2606,507656.6311,525318.4705
"NSFTV_242",37812.21878,50366.98465,55671.44278,74762.1302,85429.93977,97043.10429,108274.9263,121633.0791,136248.8368,149967.7172,165324.0146,183242.6331,206058.5239,228274.2979,251998.2055,276261.0218,304250.1304,333559.0118,359632.7295,384001.9499
"NSFTV_243",45732.2759,63243.29152,70083.64256,91985.53908,102287.345,111986.6825,136320.5702,153150.9869,168055.8912,181647.0303,203547.4331,221143.3897,243751.3976,261325.4183,280716.132,309285.767,332003.6737,353831.3867,387615.9246,407596.1753
"NSFTV_244",55810.20394,78688.72836,92154.76313,124622.5793,139304.4186,149368.7943,174781.5282,202496.6223,234125.1783,244469.7803,300679.9401,322019.0359,362773.1877,397703.5934,437312.3642,496346.1203,516325.6618,566771.9273,600505.9644,655396.4744
"NSFTV_245",62998.37061,84997.72836,96091.26313,128193.4126,144338.4186,166797.1276,189230.8615,207171.9557,226026.1783,254596.6473,283829.7734,312803.2025,347163.0211,377409.0934,414166.1975,446872.4536,479841.8285,517875.2606,559997.9644,584695.3039
"NSFTV_246",66300.53728,96971.22836,112220.5289,143749.246,162353.2519,179375.1276,203765.8615,230967.9557,259111.5116,289442.6473,325052.6067,360302.8692,400251.8544,437135.7601,478888.6975,524649.4536,528673.3285,579522.594,633127.7978,675914.8039
"NSFTV_247",40973.20394,59641.72836,66543.09646,84266.24595,93512.75195,110526.1276,124011.0282,139371.9557,153503.6783,173066.1473,189271.6067,224470.2025,238971.6877,269341.2601,280549.3642,303455.4536,325116.3285,352241.9273,370014.9644,402768.8039
"NSFTV_248",41212.20394,54831.89503,65624.42979,86159.07928,94329.91862,106614.6276,127022.0282,144484.4557,158571.3449,184542.5303,206326.6067,232650.0359,258174.8544,286605.4268,320928.5308,361053.9536,393816.9951,432667.594,474241.4644,510426.9705
"NSFTV_249",NA,NA,NA,NA,NA,NA,NA,NA,NA,NA,NA,NA,NA,NA,NA,NA,NA,NA,NA,NA
"NSFTV_25",39348.66796,54362.69678,63884.82341,82783.86516,96735.20543,112595.4746,133672.0072,152667.5651,173558.3218,204873.1473,219085.9436,245605.984,271166.9578,305947.556,342102.2303,383921.0469,416515.4058,458149.8226,487098.1094,460446.1699
"NSFTV_250",35085.34378,48165.85965,55289.56778,69031.7552,77007.06477,85430.22929,98258.17635,108733.4541,118153.7118,130381.7582,141182.0146,156039.5081,168926.0239,187989.5479,205137.9555,221493.6468,241655.7554,263632.6368,287035.7295,303961.2789
"NSFTV_251",27770.46878,36952.85965,43434.56778,59001.1302,68362.06477,82161.35429,95384.05135,111018.4541,127861.2118,147306.2582,159669.5146,183969.0081,208955.7739,233085.0479,262757.5805,296645.5218,330797.6304,365016.2618,403656.7295,433949.1999
"NSFTV_252",41463.70394,59914.22836,70612.26313,94125.07928,109706.0853,129747.4609,146499.0282,166939.6223,183855.1783,206045.1473,231904.9401,264403.7025,293546.1877,329759.0934,362840.3642,402693.2869,443143.3285,487581.4273,531639.4644,635304.2244
"NSFTV_253",31465.03728,43194.06169,51352.26313,70148.91262,82291.08528,96006.29426,113726.3615,129865.9557,147432.0116,162991.814,181019.6067,203567.5359,229947.0211,253857.9268,280707.8642,313017.2869,337782.8285,358860.094,383597.1311,400666.8039
"NSFTV_254",30922.84378,43204.85965,49463.56778,66842.1302,76943.31477,85700.47929,100596.9263,114096.7041,131776.0868,146856.2172,169433.6396,190864.1331,215214.7739,244278.4229,270464.8305,305591.8968,333858.6304,364219.1368,398421.3545,430961.0749
"NSFTV_255",67054.34378,99354.35965,113392.0678,151524.6302,172767.6898,191568.4793,216822.1763,247958.0791,266084.0868,306385.7582,334440.3896,377968.1331,415395.5239,460328.7979,508526.9555,557418.7718,590448.3804,622832.2618,671077.6045,704544.8249
"NSFTV_256",42957.21878,60455.48465,68184.94278,92530.8802,106052.4398,123222.9793,137940.8013,152835.4541,169997.5868,185052.3839,210727.5146,230255.2581,256516.6489,281383.6729,306677.7055,339605.8968,364735.7554,385579.3868,414364.1045,445371.3249
"NSFTV_257",43959.87061,56355.39503,64448.59646,86948.41262,99787.41862,116000.9609,132367.5282,145204.789,166353.8449,179515.1473,192742.6067,215034.0359,238558.6877,256543.4268,275735.5308,306208.9536,331259.9951,363832.9273,392389.1311,424239.1372
"NSFTV_258",51285.71878,65695.73465,75114.44278,94133.3802,98866.06477,113065.8543,130252.5513,145672.2041,162733.3368,189518.8832,209958.2646,240748.6331,272330.1489,303386.5479,341185.3305,386957.5218,418609.6304,437836.8868,471049.1045,504825.1999
"NSFTV_259",48854.21878,67540.98465,76548.44278,101949.6302,117690.5648,134932.8543,154874.8013,177287.5791,199522.8368,221754.2582,241656.3896,267157.6331,292882.2739,321467.5479,356699.3305,386684.5218,425402.7554,437288.6368,479420.9795,521541.0749
"NSFTV_26",44346.03728,56835.22836,64079.26313,86099.41262,98774.91862,111103.9609,127456.8615,145648.289,167243.8449,214463.7803,209053.6067,236244.2025,261367.3544,295863.9268,328281.1975,371838.6203,407019.8285,440590.7606,480588.6311,515529.4705
"NSFTV_260",44316.34378,60560.19098,70032.81778,90464.1302,104155.6898,117757.1043,139811.1763,157403.612,167541.0868,189837.5505,200544.6396,218935.1331,241766.2739,266187.5479,289894.8305,308365.1468,322545.3804,350888.1368,371707.7295,390343.5749
"NSFTV_261",63940.19194,87297.22836,101145.0965,145085.746,162548.0853,184726.2943,210129.0282,242317.9557,274421.5116,301009.2803,332824.4401,369446.3692,405598.5211,445024.4268,495544.8642,554999.1203,606587.6618,650281.094,703121.1311,727761.4705
"NSFTV_262",66363.21878,94105.60965,108444.4428,145734.1302,164173.3148,187696.2293,212473.9263,242288.0791,270199.0868,323603.0505,338811.1396,380457.1331,421867.5239,460166.0479,513546.0805,566338.3968,584894.7554,606678.0118,627433.9795,666712.9499
"NSFTV_263",37996.03728,53455.22836,63260.26313,82359.57928,93099.08528,106754.6276,121163.3615,134739.789,151102.1783,178174.7803,183765.1067,208564.2025,228210.8544,252264.2601,274107.8642,315759.7697,331979.4951,364979.094,387477.9644,412231.3039
"NSFTV_264",43992.20394,62454.39503,74168.59646,96537.07928,106146.7519,124861.4609,141873.1948,160444.1223,187139.8449,205284.7803,233310.7734,257619.3692,278539.8544,304748.9268,340403.6975,383853.7869,417142.8285,447940.9273,491851.9644,526532.3039
"NSFTV_265",46073.84378,62221.48465,70901.94278,93541.0052,108002.8148,119318.2293,138443.3013,153517.8291,174548.0868,197974.6332,217787.1396,246069.8831,278790.2739,310485.4229,340458.3305,381909.2718,417509.3804,451777.7618,479773.4795,523693.1999
"NSFTV_266",36866.34378,52002.48465,59937.81778,77739.7552,88414.18977,101941.6043,116530.3013,134330.9541,152434.3368,174430.2582,192975.3896,216533.6331,242441.2739,269339.9229,295086.7055,513176.2718,357278.2554,394773.0118,434875.3545,469826.8249
"NSFTV_267",24955.46878,36054.10965,41699.81778,51411.7552,58018.93977,66421.10429,75411.42635,84493.32913,95028.96185,106143.0082,116284.8896,126808.6331,141861.8989,157151.5479,174423.8305,193125.2718,210592.3804,233826.8868,259305.2295,285131.5749
"NSFTV_268",41612.34378,42371.23465,49821.44278,62106.8802,68623.81477,76437.85429,90299.80135,102605.7041,113539.7118,121230.5082,138831.1396,156896.2581,170278.1489,191923.1729,207044.2055,226518.8968,243674.7554,258260.0227,295191.1045,315396.0749
"NSFTV_269",NA,NA,NA,NA,NA,NA,NA,NA,NA,NA,NA,NA,NA,NA,NA,NA,NA,NA,NA,NA
"NSFTV_27",41751.03728,59992.89503,71115.42979,97655.07928,109813.9186,128945.7943,143540.5282,163138.789,189783.1783,194830.0303,244517.4401,279164.2025,311074.0211,342132.4268,382493.5308,439407.2869,478125.4951,509128.4273,569762.6311,614139.6372
"NSFTV_270",44505.43837,57318.11219,64907.42229,82030.95371,92213.23107,105769.9665,121248.5871,140594.1411,156878.865,175681.3839,195077.7014,214005.0681,232703.2758,260061.0826,279089.3311,305244.4202,328004.6279,353694.3463,366284.2913,403234.0795
"NSFTV_271",50283.34378,66216.60965,76907.06778,90144.3802,97450.43977,109630.1043,125035.5513,151939.7342,144951.2118,159298.8839,189202.3896,211119.1331,227278.1489,246793.6729,266382.4555,297414.5218,337293.5054,372979.5118,403081.8545,424874.2789
"NSFTV_272",52693.87061,70455.56169,82995.59646,110422.5793,127339.4186,148177.2943,171835.6948,195609.289,220979.8449,253259.1473,282737.7734,321349.5359,358947.3544,396839.2601,440351.5308,483333.7869,530557.4951,568244.4273,573861.4644,619100.8039
"NSFTV_273",34093.2759,48149.29152,57629.39256,78409.03908,86128.84499,103584.6825,120645.0702,142304.4869,165230.6412,196891.5303,217363.9331,252251.1397,284343.1476,319130.9183,364455.632,406339.517,456782.1737,493857.6367,566089.6746,619065.6753
"NSFTV_274",33797.34378,44271.35965,51302.19278,62881.3802,73946.56477,82557.35429,98785.92635,118254.7549,133127.8368,153061.3839,166672.1396,184027.6331,203556.3989,234853.6729,265372.0805,295020.8968,328255.7554,356674.3868,389261.1045,428100.6999
"NSFTV_275",41788.53728,54190.39503,66138.42979,86386.91262,99335.25195,108605.9609,118347.0282,142936.289,163016.6783,182601.0303,199360.2734,224170.2025,248979.0211,274368.2601,307625.3642,340774.2869,355904.3285,389730.9273,422254.2978,461015.3039
"NSFTV_276",NA,NA,NA,NA,NA,NA,NA,NA,NA,NA,NA,NA,NA,NA,NA,NA,NA,NA,NA,NA
"NSFTV_277",32601.87061,44714.22836,51228.09646,69363.07928,79678.75195,91896.1276,107671.3615,120986.789,136102.3449,150776.0303,168837.9401,191204.3692,213241.5211,238299.9268,265677.5308,292698.7869,316743.9951,347583.2606,366873.7978,341855.9744
"NSFTV_278",16086.84378,21666.85965,25518.94278,33361.6302,39574.93977,47302.35429,56274.92635,63807.95413,72199.21185,79670.75823,87542.63955,99665.50813,109492.2739,124927.1729,139979.5805,158943.1468,179609.1304,199393.7618,223425.6045,255954.6123
"NSFTV_279",46383.20394,66648.06169,76254.92979,96536.74595,106043.7519,118086.2943,133364.5282,149696.4557,169708.3449,187669.5303,203117.6067,223495.5359,235664.0211,262228.7601,280572.3642,301648.4536,321915.8285,341909.094,362481.6311,373737.1372
"NSFTV_280",32026.47508,42581.25365,48874.02319,64186.00826,72683.61065,79018.67836,92317.52601,106087.9728,123757.0011,142794.1767,154718.3621,173437.8655,194002.5815,216282.5514,237882.1568,267154.0421,297217.6991,330341.5725,361479.4294,399595.3436
"NSFTV_281",33822.2759,44585.04152,55405.14256,70469.78908,79591.84499,89045.68252,98168.57019,109277.7369,120659.6412,141865.7803,153011.6831,168548.1397,190593.6476,214090.6683,237176.382,263944.267,289791.6737,322554.8867,360162.1746,396026.6753
"NSFTV_282",27380.72508,38454.50365,44462.02319,58752.63326,67352.61065,78901.55336,93007.02601,104189.9728,118258.6261,135888.9779,148231.1121,165704.8655,182966.2065,203441.3014,224560.0318,250737.5421,278316.3241,304593.8225,334943.5544,355954.6372
"NSFTV_283",36214.53728,53292.22836,59208.42979,79735.24595,92822.08528,104923.2943,122649.5282,142543.289,161990.5116,179553.314,203637.7734,227556.2025,256107.6877,279978.0934,314923.5308,347192.2869,379306.9951,408485.4273,442207.2978,399135.7244
"NSFTV_284",65855.70394,86340.06169,109227.2631,135420.246,154480.5853,180575.7943,214000.3615,244092.1223,280523.5116,315490.0303,339500.2734,353644.2025,388021.3544,427348.9268,463411.3642,526579.4536,529533.6618,559175.2606,557190.7978,578820.6372
"NSFTV_285",33140.37061,42496.22836,50671.09646,67892.07928,76913.41862,86002.29426,103868.5282,121475.789,138922.1783,147906.7803,172489.7734,197901.2025,222386.0211,248356.2601,273908.3642,302303.1203,333743.9951,367862.9273,399022.4644,430735.4705
"NSFTV_286",51774.53728,76044.89503,87560.42979,119224.0793,132633.2519,156263.2943,184467.3615,214229.1223,243995.6278,292870.2803,306651.6067,335208.7025,373058.5211,418231.9268,468237.3642,510105.7869,540302.4951,560355.4273,593049.4644,659627.4744
"NSFTV_287",38778.22508,55659.50365,64008.52319,88504.50826,97075.86065,109832.6784,124593.526,143052.4728,161362.7511,185861.7279,205783.4871,234138.6155,259125.5815,290835.4264,316013.5318,356490.4171,377284.1991,394323.9475,415212.4294,448647.4705
"NSFTV_288",53606.03728,74604.72836,86707.92979,114110.0793,131162.9186,150688.4609,172959.3615,192343.289,218563.0116,235832.7803,262710.4401,285962.0359,318107.0211,345847.9268,376191.1975,422320.7869,456688.9951,486721.2606,507787.7978,508189.9744
"NSFTV_289",45836.53728,59213.39503,68903.76313,88447.41262,99322.91862,110790.9609,127361.0282,144453.1223,165828.6783,187650.5303,208321.4401,229735.2025,252372.3544,282408.4268,308761.8642,331552.2869,360003.3285,389668.2606,429422.1311,448854.8039
"NSFTV_29",55661.53728,85487.56169,101539.7631,128514.746,145739.4186,165812.6276,186744.8615,212043.6223,240262.3449,261083.7803,295155.2734,323691.3692,356283.3544,398050.5934,438329.1975,487660.9536,531337.6618,578361.094,621499.7978,668094.3039
"NSFTV_290",31857.70394,43574.72836,52217.59646,70514.91262,81024.58528,93832.96093,108797.1948,124929.789,141224.5116,169864.0303,173123.6067,196167.3692,218681.3544,247338.5934,278174.3642,313117.4536,343451.1618,379500.2606,408410.4644,452135.3039
"NSFTV_291",20966.53728,28808.39503,34346.76313,46573.57928,52969.08528,60665.79426,70230.69484,82089.45567,93816.67828,106132.6473,118373.6067,133356.5359,147122.1877,165298.0934,181709.6975,203933.2869,223552.6618,241956.4273,263246.7978,281107.4705
"NSFTV_292",48882.03728,68620.22836,74993.76313,97658.24595,101790.5853,116610.7943,133365.6948,152166.289,162371.1783,185713.314,208274.1067,234246.3692,258805.8544,283169.5934,313956.0308,349232.7869,375233.6618,406765.7606,422704.4644,506318.9744
"NSFTV_293",59978.60008,78516.00365,92618.89819,123098.0083,140588.1107,157259.4284,180170.901,206567.4728,236114.8761,285771.51,302455.6121,336459.8655,366187.4565,405059.3014,442410.4068,484926.7921,540245.5741,582731.9475,613105.6794,654498.9705
"NSFTV_294",NA,NA,NA,NA,NA,NA,NA,NA,NA,NA,NA,NA,NA,NA,NA,NA,NA,NA,NA,NA
"NSFTV_295",52980.37061,74058.22836,88655.42979,120485.746,136505.9186,152874.2943,176699.3615,195641.1223,222728.5116,254819.2803,272827.1067,300174.8692,330550.5211,359825.9268,391154.3642,437828.1203,464918.4951,487007.2606,520702.9644,553679.6372
"NSFTV_296",32159.37061,43740.22836,49884.42979,70564.07928,81686.41862,92019.29426,105308.1948,122721.1223,139980.1783,145364.0303,174194.6067,194751.7025,221562.5211,245958.5934,267062.3642,299462.7869,334941.1618,367906.4273,399635.2978,430899.9705
"NSFTV_297",31008.70394,40595.39503,46449.26313,58886.74595,67746.75195,76579.1276,88631.52817,99539.45567,109569.3449,128363.0303,138566.7734,159414.2025,174066.6877,192918.9268,211895.8642,238093.6203,265661.8285,296904.094,321988.6311,336860.9705
"NSFTV_298",47529.53728,63367.56169,73468.92979,100526.4126,112805.0853,132676.7943,154381.0282,179163.789,203437.1783,227934.814,252429.6067,284221.3692,320969.6877,358797.0934,402241.8642,452953.1203,499761.4951,572081.6965,578720.4644,595280.2244
"NSFTV_299",66094.97508,86681.00365,101453.6482,134157.8833,149590.3607,169867.8034,194153.901,215451.2228,244432.2511,281162.51,307877.4871,348179.1155,382771.3315,422862.3014,462738.7818,518786.0421,554284.4491,592977.9475,617107.3044,597363.0132
"NSFTV_3",67780.54296,91900.32178,107118.9484,136944.0994,155361.3304,176897.6001,202125.6322,224841.1901,244997.9468,278097.6473,312020.6936,329442.234,354115.0828,395606.431,419230.7303,453147.0469,489381.1558,526883.4476,562684.9844,603890.8681
"NSFTV_30",57820.70394,79143.22836,91260.26313,117140.4126,134106.4186,149649.4609,173259.6948,193900.1223,219576.1783,243722.314,270068.2734,301439.2702,335274.6877,365757.4268,403122.3642,447690.2869,476229.3285,497812.7606,528471.7978,574194.7244
"NSFTV_300",34733.47508,50712.62865,59928.02319,80190.38326,90264.48565,105213.1784,123759.901,141989.2228,161098.3761,186543.1767,208774.1121,234634.4905,259252.9565,287667.0514,320499.9068,355939.5421,401180.6991,441743.1975,473450.6794,532227.1372
"NSFTV_301",37374.70394,51831.22836,60171.42979,78174.57928,86366.58528,98689.29426,115730.3615,131294.4557,150218.0116,168962.314,194577.7734,212053.2025,229916.8544,252419.5934,274383.1975,305896.4536,336152.9951,362783.9273,389448.7978,424514.6372
"NSFTV_302",44095.20394,60356.22836,70109.09646,95193.07928,110552.7519,132054.4574,152406.3615,174947.6223,194225.3449,212432.0303,234675.1067,246876.0359,280039.1877,307941.7601,343990.3642,374274.1697,413712.9951,444346.094,470270.6311,470152.2244
"NSFTV_303",33583.87061,45563.39503,54838.26313,72507.24595,82344.58528,96667.46093,112104.6948,123696.789,138479.3449,152813.1473,168739.1067,189556.5359,209026.6877,230963.7601,257677.8642,284447.1203,310848.1618,341787.594,366372.1311,380717.8039
"NSFTV_304",31981.20394,44676.39503,50736.10086,70525.77906,81958.75195,97300.46093,113041.3615,129347.4557,144902.1783,166494.4806,189278.1067,214597.3692,239670.0211,276206.9268,308664.6975,334415.2869,375106.8285,405478.2606,437319.7978,472920.4705
"NSFTV_305",42535.85008,58313.25365,67915.77319,87391.38326,98457.86065,116202.9284,131951.776,147858.5978,170731.5011,189325.01,214016.8621,237287.3655,262747.5815,284889.9264,319482.5318,356277.5421,370320.1991,393930.3225,421437.4294,461621.8436
"NSFTV_306",64513.87061,81160.22836,90976.59646,114542.4126,128212.2519,147903.2943,171939.5282,195896.4557,219801.3449,246350.5303,271330.2734,304531.7025,328327.1877,364802.0934,398899.3642,438633.9536,454994.6618,493816.094,535426.7978,566621.4705
"NSFTV_307",23315.85008,31038.75365,35320.39819,45812.50826,52262.23565,59177.80336,67197.90101,76453.22282,87027.62615,101065.6029,109867.8621,122341.2405,136407.9565,153028.1764,166873.4068,183906.9171,204662.1991,225165.9475,242264.6794,263684.8436
"NSFTV_308",NA,NA,NA,NA,NA,NA,NA,NA,NA,NA,NA,NA,NA,NA,NA,NA,NA,NA,NA,NA
"NSFTV_309",48115.87061,68289.72836,77911.92979,110638.746,124433.2519,139602.2943,162451.8615,183697.4557,215300.5116,234171.7803,275425.9401,310746.3692,355936.0211,398655.2601,436702.0308,486775.6203,529995.9951,563386.7606,614770.6311,623970.1372
"NSFTV_31",21044.53728,30692.56169,35475.09646,46676.41262,53572.25195,60435.6276,68459.36151,77407.289,88187.67828,98345.81397,108797.6067,124753.8692,143086.3544,158685.2601,173526.8642,199768.9536,226355.1618,248036.7606,270324.1311,298356.4705
"NSFTV_310",30008.97508,40862.12865,46539.39819,59931.13326,69645.73565,78641.80336,91271.52601,106954.9728,122257.3761,135162.01,151983.6121,169851.2405,186271.9565,211162.6764,232018.9068,255803.9171,285696.6991,312537.5725,344627.4294,379556.2186
"NSFTV_311",29960.37061,42520.89503,50297.59646,67678.24595,77830.58528,87366.96093,99573.19484,114776.789,128368.1783,131604.7803,155148.4401,177950.7025,188408.8341,225826.9268,249437.0308,275997.1203,301777.6618,337548.7606,373362.2978,403859.3039
"NSFTV_312",57438.87061,80075.14129,94445.09646,123277.246,140932.2519,162211.1276,184393.5282,208235.789,228397.6783,256705.9806,278776.6067,302891.0359,329543.1877,364451.7601,399871.6975,446261.6203,490603.3285,478848.2606,550391.6311,591326.1372
"NSFTV_313",44034.72508,61438.87865,72116.64819,99289.25826,111851.6107,130022.1784,148481.401,169571.2228,191785.2511,214975.01,244092.4871,277524.4905,304588.0815,334523.5514,369640.9068,414766.7921,459441.9491,490860.6975,539701.3044,572223.0936
"NSFTV_314",41730.85008,62154.87865,73223.39819,100415.3833,116009.3607,135408.9284,156331.401,180525.4728,204984.1261,233754.2279,259389.1121,290290.4905,322051.2065,351650.9264,390250.7818,434797.7921,462981.8241,495534.9475,533257.1794,568867.0936
"NSFTV_315",45214.03728,63735.06169,68842.59646,90960.07928,107125.0853,130503.2943,150552.0282,168734.6223,192773.5116,220401.314,245124.7734,287851.8846,305817.6877,338715.5934,377691.8642,414676.2869,442923.3285,470829.4273,479256.4644,451685.9744
"NSFTV_316",41983.87061,61328.89503,69982.92979,90451.24595,106521.5853,120935.1276,138267.1948,155604.1223,174598.8449,189101.5303,220879.2734,251680.8692,272688.8544,304991.4268,332141.5308,368169.2869,409218.1618,450865.9273,493334.1311,519373.3039
"NSFTV_317",44922.53728,60129.56169,66625.42979,90890.74595,103232.0853,118770.7943,135809.5282,152537.4557,170013.6783,191771.5303,209373.4401,236532.5359,262830.6877,293650.5934,325258.3642,359253.1203,395295.1618,432181.594,465040.9644,503705.4744
"NSFTV_318",40030.20394,56403.89503,65074.59646,86999.91262,99682.91862,113454.4609,131632.5282,149399.6223,170409.5116,192142.314,212494.4401,236709.2025,261932.8544,298885.5934,327326.3642,357474.1203,383640.3285,417347.7606,444904.4644,485625.6372
"NSFTV_319",NA,NA,NA,NA,NA,NA,NA,NA,NA,NA,NA,NA,NA,NA,NA,NA,NA,NA,NA,NA
"NSFTV_32",26197.03728,36880.72836,43114.42979,55725.57928,62743.25195,74980.6276,88141.69484,100616.789,113582.6783,134592.2803,146728.4401,162805.3692,180810.8544,205536.2601,234928.8642,258697.1203,279853.9951,302591.094,325300.6311,355285.1372
"NSFTV_320",43701.87061,60106.39503,70164.09646,94506.74595,107405.7519,124407.9609,144425.8615,167597.1223,190927.3449,206586.0303,244290.6067,278625.5359,307071.6877,341284.4268,372761.8642,414239.4536,445804.3285,483025.094,534824.1311,582947.8039
"NSFTV_321",NA,NA,NA,NA,NA,NA,NA,NA,NA,NA,NA,NA,NA,NA,NA,NA,NA,NA,NA,NA
"NSFTV_322",51648.22508,75841.87865,88737.64819,119278.3833,137547.8607,158350.9284,179965.526,207111.5978,231538.5011,261563.1029,284817.6121,318239.4905,348389.8315,378981.9264,420856.1568,460567.9171,489858.5741,517929.4475,549239.0544,593620.7186
"NSFTV_323",39225.70394,52879.89503,62625.76313,84616.41262,97096.75195,115969.7943,132793.8615,153371.6223,178513.3449,196599.7803,223589.6067,255638.7025,288658.8544,325049.5934,367107.8642,412384.2869,445869.6618,492492.094,542846.2978,544055.4744
"NSFTV_324",36306.20394,51368.06169,60805.76313,79583.91262,89487.08528,102855.9609,118666.3615,132342.4557,143143.3449,161285.6473,180657.1067,199181.2025,216700.0211,241777.7601,265083.6975,295320.6203,323811.1618,360817.7606,384959.2978,435232.8039
"NSFTV_325",53208.37061,70975.89503,83052.09646,107155.9126,124251.2519,144836.4609,169891.3615,197107.6223,219488.3449,243341.9806,271596.2734,303004.8692,338230.8544,370815.0934,404616.1975,437286.4536,461105.9951,492652.9273,510438.9644,489438.7244
"NSFTV_326",37178.53728,55496.56169,66416.76313,88959.57928,102827.2519,119356.6276,136251.8615,156982.789,177835.0116,206367.314,229292.1067,258157.2025,291991.6877,330518.9268,369590.0308,405103.2869,450168.1618,493800.9273,535387.2978,584840.8039
"NSFTV_327",53186.72508,76451.62865,88178.02319,117139.2583,134461.1107,156553.3034,177450.401,202666.4728,229545.6261,270242.6767,290812.4871,325988.3655,361112.8315,398929.3014,444675.0318,493885.7921,536944.3241,585472.5725,620422.4294,629887.3039
"NSFTV_328",41215.97508,56684.75365,67774.39819,90575.38326,103090.9857,118123.3034,133360.401,149651.4728,171742.6261,202450.3433,222256.8621,247242.6155,275062.9565,307158.0514,337289.7818,376225.9171,410407.5741,449803.3225,456847.1794,467935.8039
"NSFTV_329",54464.85008,76214.75365,89702.64819,121412.5083,139863.4857,163103.9284,193388.026,219785.9728,248340.7511,283909.6029,320495.6121,362588.2405,401064.2065,446722.9264,486928.9068,538182.7921,561383.0741,581993.9475,628972.9294,658583.8436
"NSFTV_33",40995.70394,56720.89503,66648.76313,88867.41262,103494.2519,115924.2943,132928.0282,150806.6223,171313.5116,190323.0303,214942.9401,240939.8692,265483.8544,297281.5934,330270.3642,373180.6203,410793.4951,444363.594,473487.1311,466172.9744
"NSFTV_330",57218.53728,75260.39503,85625.09646,107492.5793,117031.9186,139103.2943,170853.0282,184433.9557,208615.6783,245998.0303,260101.4401,300183.8692,326444.6877,352783.9268,393111.8642,442759.1203,448213.1618,477271.9273,502724.1311,552639.3039
"NSFTV_331",49359.10008,71041.75365,83315.02319,110053.2583,123441.8607,139065.3034,157246.276,176408.5978,201186.5011,226709.6767,250571.6121,276335.6155,308129.2065,345001.9264,379491.2818,421893.4171,464664.6991,513033.8225,544006.1794,584487.3436
"NSFTV_332",43408.87061,59728.56169,69347.42979,92358.07928,106534.5853,120468.9609,136957.3615,155907.1223,176490.3449,214479.7803,223548.9401,249976.2025,275318.8544,307190.4268,340393.0308,371040.4536,405687.3285,444450.594,460484.2978,525098.7244
"NSFTV_333",27670.47508,38246.92698,43387.14819,54894.25826,63278.61065,73043.55336,82295.40101,95487.72282,107852.2511,118287.6767,126073.167,144689.6155,156398.4565,172620.9264,186342.7818,203303.1671,217272.5741,231248.9475,248144.1794,263664.8436
"NSFTV_334",51459.35008,65131.12865,78252.52319,98213.63326,111074.8607,126531.9284,144042.276,163238.3478,182986.8761,218001.3433,222028.9871,246500.2405,256707.7065,279863.5514,304766.9068,337680.4171,359705.0741,386284.5725,423550.5544,455614.9686
"NSFTV_335",NA,NA,NA,NA,NA,NA,NA,NA,NA,NA,NA,NA,NA,NA,NA,NA,NA,NA,NA,NA
"NSFTV_336",48753.60008,67397.12865,79451.02319,104590.7583,117673.7357,136335.0534,159990.401,176398.4728,200154.0011,235229.01,253738.7371,284142.8655,313056.8315,347245.8014,393561.0318,441791.7921,447838.3241,482729.9475,509886.5544,537647.8039
"NSFTV_337",67142.37061,97889.89503,114124.2631,148881.0793,161500.0853,186887.2943,207831.3615,223132.8593,244478.0116,284419.314,316077.7734,357220.2025,389272.0211,431637.9268,477662.1975,499444.2869,501200.1618,536492.594,561988.6311,650587.9744
"NSFTV_338",29857.22508,41310.62865,47041.64819,60963.38326,71048.11065,81069.17836,93068.40101,103865.8478,115256.6261,129520.8529,139464.6121,158072.8655,174391.2065,191360.5514,211911.7818,236605.1671,259583.5741,278432.8225,305441.5544,335713.4686
"NSFTV_339",52177.60008,76981.62865,87081.46449,118308.7583,132533.4857,154099.6784,174356.151,193870.4728,223404.8761,243444.01,277120.4871,305153.7405,334052.0815,357818.6764,397882.9068,448581.1671,482097.4491,516219.3225,554246.6794,602357.1372
"NSFTV_34",NA,NA,NA,NA,NA,NA,NA,NA,NA,NA,NA,NA,NA,NA,NA,NA,NA,NA,NA,NA
"NSFTV_340",54989.03728,74575.56169,87106.76313,111262.9126,122964.4186,141189.2943,155132.8615,173140.9557,191291.5116,212019.314,234507.7734,254569.8692,270787.6877,301097.4268,331503.3642,362028.6203,399194.6618,433868.7606,472415.6311,505512.3039
"NSFTV_341",52143.20394,74182.89503,85203.59646,110439.746,123814.5853,138646.4609,156034.0282,175690.289,198353.6783,219758.1473,244721.6067,271141.8692,301086.1877,338001.5934,375420.5308,418582.6203,465065.9951,503983.7606,534536.2978,574659.9705
"NSFTV_342",38267.37061,53179.22836,58919.42979,78386.57928,90404.75195,106194.1276,122792.3615,146936.289,164307.1783,183320.7803,211892.1067,237556.7025,258371.5211,292534.2601,317668.0308,350884.6203,391381.1618,436297.2606,447696.2978,499502.8039
"NSFTV_343",41631.20394,55763.22836,67218.09646,88603.74595,101488.9186,117640.7943,132489.3615,151622.289,168625.3449,191063.6473,206746.2734,231042.3692,260999.0211,291266.2601,323298.5308,361072.9536,391634.6618,426401.2606,452340.2978,485140.8039
"NSFTV_344",NA,NA,NA,NA,NA,NA,NA,NA,NA,NA,NA,NA,NA,NA,NA,NA,NA,NA,NA,NA
"NSFTV_345",39037.87061,54602.22836,65699.09646,86317.91262,99326.41862,115285.7943,129188.1948,147388.6223,167878.6783,184329.4806,204017.7734,224926.8692,250617.8544,275429.2601,310200.5308,340748.6203,366091.9951,401883.7606,435480.6311,417368.7244
"NSFTV_346",54090.20394,74684.89503,88051.09646,114725.5793,127898.2062,145058.4609,166357.0282,188947.1223,212119.1783,239529.814,268895.9401,299632.5359,333500.6877,371553.4268,415468.0308,457522.4536,499220.6618,533702.7606,551346.6311,579992.4705
"NSFTV_347",47100.53728,68198.56169,81744.76313,104551.5793,117848.9186,142007.1276,165334.1948,190476.789,213755.3449,245262.1473,273280.4401,309056.0359,350135.6877,391782.7601,440113.1975,484800.6203,524582.6618,566956.2606,613251.1311,673531.4705
"NSFTV_348",52007.22508,76617.87865,89898.89819,122451.8833,142259.9857,164761.8034,187883.776,210304.3478,233552.2511,251131.1767,285021.8621,309095.4905,335351.4565,366118.3014,398595.7818,446772.2921,475796.6991,502530.4475,550019.8044,588833.3436
"NSFTV_349",49889.20394,72884.72836,87817.59646,120034.5793,135777.5853,158582.6276,187556.3615,217268.6223,247549.5116,288324.2803,311661.2734,351403.0359,378275.8544,425201.9268,463513.6975,513005.7869,537722.6618,583028.4273,605534.6311,666846.4705
"NSFTV_35",NA,NA,NA,NA,NA,NA,NA,NA,NA,NA,NA,NA,NA,NA,NA,NA,NA,NA,NA,NA
"NSFTV_350",NA,NA,NA,NA,NA,NA,NA,NA,NA,NA,NA,NA,NA,NA,NA,NA,NA,NA,NA,NA
"NSFTV_352",63082.37061,84340.56169,97984.92979,124467.0793,139656.9186,164490.1276,188089.3615,211670.6223,226133.8449,269979.6473,287578.7734,328135.3692,369297.8544,407237.4268,442983.0308,483547.2869,518449.3285,568759.094,591153.1311,634343.8039
"NSFTV_353",38618.97508,52972.25365,61596.39819,80806.75826,92451.86065,103766.5534,120357.151,136830.7228,154489.8761,174559.9779,191470.2371,214251.6155,238515.9565,270076.9264,304485.4068,340890.5421,374576.9491,410338.8225,442012.4294,432053.9705
"NSFTV_355",40870.53728,57955.39503,68334.42979,89498.57928,100249.4186,115368.7943,137086.8615,147063.789,168013.1783,180855.2803,211207.1067,241961.5359,260486.6877,280252.0934,305659.0308,334172.9536,365965.1618,387235.594,425582.9644,462459.6372
"NSFTV_356",74380.03728,110486.5617,127414.2631,162191.9126,186720.4186,223458.9609,246736.0282,273232.6223,288055.6783,341229.9806,371229.1067,412828.2025,457769.0211,518063.5934,565650.6975,606438.1203,637583.8285,685238.594,701524.6311,712477.9705
"NSFTV_357",47342.47508,70701.50365,80030.02319,104081.5083,118032.8607,133992.3034,155488.651,177431.7228,197102.2511,219364.7279,238183.9871,260337.6155,284528.8315,315381.9264,345146.9068,381339.5421,415155.1991,441250.3225,470571.8044,503329.9686
"NSFTV_358",43092.85008,59136.12865,65970.64819,86986.75826,98916.48565,110930.9284,130345.526,148619.9728,163980.7511,183681.01,204282.9594,227287.9905,252517.8315,281069.6764,315039.6568,351948.4171,373740.3241,408081.0725,425726.1794,437605.6372
"NSFTV_359",31871.87061,44669.39503,53178.92979,74119.91262,83458.75195,96796.79426,111550.8615,126809.1223,144687.6783,149913.7803,182729.7734,202535.5359,223435.8544,250884.9268,271298.5308,309298.7869,336522.4951,365475.9273,401875.6311,432846.1372
"NSFTV_36",20852.03728,26559.22836,32568.26313,39016.07928,44461.41862,50128.96093,58495.86151,66029.45567,73334.51161,75339.28027,92962.10673,107022.8692,120789.8544,136242.2601,152607.8642,170014.9536,184320.6618,197371.9273,204205.6311,219716.8039
"NSFTV_360",46289.87061,61545.39503,73263.92979,100939.5793,118156.2519,136478.4609,156875.1948,183282.789,208703.6783,226785.0303,265860.2734,308170.3692,347830.3544,385090.0934,428081.3642,484359.6203,543860.9951,596409.4273,650044.4644,700813.9705
"NSFTV_361",NA,NA,NA,NA,NA,NA,NA,NA,NA,NA,NA,NA,NA,NA,NA,NA,NA,NA,NA,NA
"NSFTV_363",28710.70394,39112.22836,45824.09646,59174.91262,64953.41862,75501.29426,86106.52817,99916.789,111746.3449,125430.9806,138930.6067,154294.2025,171719.5211,194089.0934,214324.5308,241713.2869,264873.8285,289136.7606,319503.1311,346238.9705
"NSFTV_364",34853.03728,48487.22836,58103.92979,75957.74595,86181.08528,100182.4609,116472.5282,133448.6223,150292.3449,167003.6473,180536.2734,202983.7025,219381.6877,243078.4268,265321.1975,292279.2869,313953.8285,348913.7606,367216.2978,399698.4705
"NSFTV_365",31456.97508,43878.12865,49821.77319,66183.00826,76241.86065,86223.42836,100781.026,115189.7228,129953.0011,157948.6767,166514.2371,189892.1155,209882.7065,232553.8014,259786.9068,289476.2921,318553.4491,354691.8225,384529.9294,377119.1372
"NSFTV_366",29283.35008,41109.75365,47916.39819,63590.50826,73829.98565,85387.30336,97281.52601,112688.8478,128534.6261,144670.3529,158423.4871,176729.9905,196554.2065,221424.0514,244949.4068,274386.4171,302507.5741,332779.9475,363639.8044,402492.9686
"NSFTV_367",NA,NA,NA,NA,NA,NA,NA,NA,NA,NA,NA,NA,NA,NA,NA,NA,NA,NA,NA,NA
"NSFTV_368",36665.03728,51412.56169,59653.26313,81389.41262,91698.25195,102785.7943,116032.1948,132538.289,150512.3449,186311.5303,186710.1067,205862.0359,229940.0211,251414.7601,281698.0308,314199.6203,345654.8285,377892.9273,401216.1311,449344.6372
"NSFTV_369",66270.87061,93144.56169,111337.5965,154508.746,174194.9186,203675.6276,234367.3615,265740.789,297576.5116,342226.0303,374153.6067,412979.0359,449443.0211,485890.4268,531664.1975,582087.7869,603716.1618,643827.594,708080.4644,757005.3039
"NSFTV_37",34098.53728,46262.56169,53659.42979,69372.07928,80209.58528,92867.96093,105089.5282,123104.289,138184.1783,152756.314,168759.2734,191511.8692,211301.6877,236284.2601,262471.6975,294974.7869,325892.8285,352548.4273,382969.4644,425637.3039
"NSFTV_370",58768.03728,83551.89503,99121.76313,126454.4126,146627.2519,166037.9609,191065.6948,218162.9557,240420.6783,297339.0303,302598.2734,339772.3692,379487.1877,425677.9268,470847.1975,519599.9536,555644.9951,578175.594,600051.6311,634512.8039
"NSFTV_371",50098.47508,70469.87865,82207.14819,111719.6333,123886.4857,141254.0534,161473.026,181024.4728,210498.6261,230110.8433,270767.1121,293632.9905,325682.5815,362650.0514,405193.9068,445934.6671,498043.3241,536248.1975,583291.1794,605612.8436
"NSFTV_372",39177.85008,55868.62865,67389.77319,93743.38326,107553.9857,123117.3034,142316.401,164169.3478,187024.0011,200922.51,240584.2371,275554.8655,304647.5815,335613.8014,377218.7818,418338.6671,466324.8241,517482.5725,556365.8044,602753.0936
"NSFTV_373",39206.20394,52902.39503,60199.92979,79829.41262,92152.91862,107180.6276,120704.0282,135673.9557,149119.5116,163377.5303,187446.4401,208768.0359,226992.6877,249584.7601,272753.5308,296838.4536,318627.9951,349554.9273,383541.7978,407961.6372
"NSFTV_375",41394.47508,56344.87865,64488.52319,82253.13326,91450.86065,103315.9284,119719.026,135593.2228,155774.8761,191080.3433,192922.4871,218250.7405,243070.0815,271932.4264,295382.6568,326131.1671,361182.8241,386843.3225,420406.3044,464624.3436
"NSFTV_376",38367.70394,55543.56169,61690.09646,74475.74595,84594.75195,93593.96093,109494.3615,122972.4557,142911.6783,160693.314,176864.7734,198280.8692,205956.8544,220128.7601,242742.5308,278391.2869,304647.9951,334636.4273,340855.6311,361643.4744
"NSFTV_377",35271.20394,50890.22836,58898.42979,75020.41262,83363.58528,97536.1276,112229.8615,129894.789,150304.0116,169130.814,188386.6067,204580.0359,224649.8544,255102.5934,283027.5308,315995.4536,349872.6618,641971.9273,677662.6311,458991.9705
"NSFTV_378",51544.37061,73023.56169,85590.26313,113101.246,128025.7519,145549.1276,164460.5282,190030.789,218076.0116,263475.5303,266800.4401,300422.0359,336467.0211,368878.0934,399611.3642,450417.4536,454789.9951,484369.094,513790.2978,548586.9705
"NSFTV_379",42245.20394,60294.06169,68127.59646,86556.24595,96179.08528,109243.1276,127672.5282,147421.9557,170973.5116,179525.7803,217932.9401,247889.8692,271800.8544,300406.4268,342693.3642,377678.1203,420357.9951,466826.594,503568.2978,508947.9744
"NSFTV_380",25701.20394,39289.56169,47213.09646,62484.57928,68590.08528,77590.46093,92196.02817,105036.6223,117111.8449,127271.1473,140240.7734,157494.0359,172186.3544,190653.5934,211576.3642,238292.9536,263994.3285,293383.094,325439.6311,356017.4705
"NSFTV_381",40604.37061,57739.39503,66858.09646,91076.07928,103693.2519,120475.6276,138083.3615,159239.789,183574.8449,217227.2803,226384.4401,254303.8692,280406.8544,320792.0934,349438.6975,389995.9536,416347.6618,461883.2606,492921.1311,536105.8039
"NSFTV_384",49563.60008,73346.00365,85652.64819,114224.7583,128983.7357,147877.4284,168483.651,190686.9728,218016.3761,246735.2279,267470.2371,298943.4905,325841.8315,371121.3014,398211.2818,435275.6671,469126.8241,504751.6975,540524.3044,597308.0936
"NSFTV_385",49895.70394,74488.56169,88140.92979,113205.0793,118763.2519,133406.6276,163300.1948,187058.289,224018.8449,268515.7803,285615.4401,322600.0359,363922.3544,397424.9268,432620.0308,485026.4536,528939.4951,575705.4273,620540.6311,663896.4705
"NSFTV_386",33132.97508,43277.12865,50917.14819,64205.50826,73419.48565,85753.80336,101194.526,118009.5978,132701.2511,152101.3529,168024.1121,196149.2405,212740.8315,242249.9264,270655.2818,309723.5421,349344.0741,383435.8225,416818.3044,466112.7186
"NSFTV_387",40398.72508,57808.37865,66204.27319,88751.88326,101021.2357,114805.3034,132250.776,149308.9728,163321.2511,184844.1029,200613.2371,220987.2405,240782.0815,267105.3014,286347.5318,315057.2921,334165.4491,352529.0725,361839.9294,378405.8039
"NSFTV_388",29520.20394,40149.89503,48345.09646,64617.91262,73295.91862,85355.46093,99265.69484,113841.9557,125555.1783,139717.1473,154838.2734,175070.7025,194371.5211,216701.4268,243817.3642,275752.4536,301463.4951,325820.2606,360032.7978,387867.1372
"NSFTV_389",23175.2759,32667.79152,35820.89256,45389.03908,51447.59499,55957.93252,64130.07019,75879.98688,88648.64115,105582.7803,113815.4331,124170.8897,140067.8976,156081.4183,168730.132,190017.267,203380.1737,229200.8867,257861.1746,280876.9253
"NSFTV_39",64859.70394,90866.89503,109241.0965,141525.0793,163418.4186,188912.9609,217993.0282,251813.289,288607.6783,326284.7803,364409.9401,413665.8692,455103.5211,505507.7601,563606.3642,618918.2869,669976.9951,683998.4273,735587.9644,748267.4705
"NSFTV_390",38597.53728,58731.39503,71116.59646,96087.41262,105226.5853,117996.9609,135923.1948,155350.1223,173776.1783,188980.5303,216420.9401,241690.2025,267262.5211,289912.2601,325326.3642,363170.6203,386341.3285,425042.7606,470585.4644,461571.4744
"NSFTV_391",27150.47508,37382.37865,41930.02319,54257.13326,61721.73565,73748.67836,85040.52601,94587.72282,106679.8761,123021.01,136938.3621,155279.2405,171071.7065,193761.5514,220673.6568,250271.6671,280576.8241,313354.9475,351946.8044,380322.8436
"NSFTV_392",41102.99208,55422.21269,63229.87301,82785.78367,91022.12558,105048.2319,122779.22,142138.9993,158434.2507,183569.3433,197847.8314,220971.8779,242143.3526,264602.254,300536.2662,341306.6139,377000.5529,396185.7605,441153.7245,469488.6753
"NSFTV_394",40848.20394,59316.22836,71908.76313,88632.07928,100559.4186,118940.6276,135587.3615,152715.789,168225.3449,196836.314,220966.4401,249807.3692,273388.6877,305895.2601,340309.6975,378748.4536,421095.4951,453310.2606,497480.2978,532549.6372
"NSFTV_395",43013.87061,57481.22836,66325.76313,89243.91262,102250.7519,118712.1276,136308.3615,153493.1223,173334.6783,197439.814,217518.4401,244334.7025,271840.1877,308691.9268,345751.3642,390481.6203,423203.6618,476554.4273,520945.9644,559173.1372
"NSFTV_396",33453.85008,45938.37865,52709.52319,70509.50826,81798.61065,94583.67836,111219.276,123893.5978,141966.7511,156513.8529,176320.9871,195679.6155,215167.2065,241808.1764,270432.1568,296774.6671,326848.8241,361593.4475,385004.3044,392739.8039
"NSFTV_397",35430.97508,49388.75365,56592.64819,75116.75826,86641.73565,99560.30336,113924.026,126711.0978,145939.3761,164587.4779,186567.8621,206980.4905,232513.7065,257207.1764,287542.7818,327538.6671,371257.9491,403873.6975,439729.8044,456874.1372
"NSFTV_398",NA,NA,NA,NA,NA,NA,NA,NA,NA,NA,NA,NA,NA,NA,NA,NA,NA,NA,NA,NA
"NSFTV_399",NA,NA,NA,NA,NA,NA,NA,NA,NA,NA,NA,NA,NA,NA,NA,NA,NA,NA,NA,NA
"NSFTV_4",41055.20394,58043.56169,66522.92979,83391.07928,94980.25195,110201.1276,128975.6948,145883.1223,167047.8449,189042.9806,209280.9401,233965.8692,261158.6877,289073.0934,311337.8642,343497.9536,386007.6618,432087.9273,462857.7978,491894.3039
"NSFTV_40",57929.41796,77765.69678,91008.07341,117417.8494,130962.4554,148315.9751,170062.2572,194691.8151,218981.4468,263629.1473,270209.8186,302340.734,335834.3328,375857.181,416854.8553,449395.0469,467586.4058,491166.8226,519442.9844,554682.8681
"NSFTV_400",NA,NA,NA,NA,NA,NA,NA,NA,NA,NA,NA,NA,NA,NA,NA,NA,NA,NA,NA,NA
"NSFTV_41",36770.16796,51587.07178,58616.07341,74857.84939,85693.08043,97018.35014,109497.5072,123079.1901,137624.0718,155174.1473,164751.0686,181804.859,198102.3328,220499.681,236943.3553,253648.2969,271151.4058,291129.4476,309996.9844,330562.7431
"NSFTV_43",50363.03728,74640.06169,87389.59646,122900.4126,141184.7519,164322.1276,188449.6948,216152.9557,221919.1783,274405.4806,295275.6067,329799.3692,356716.3544,393584.5934,432482.1975,479476.9536,485914.1618,523367.594,536644.2978,574142.6372
"NSFTV_44",42838.03728,59195.22836,68581.26313,90170.91262,105586.7519,118713.7943,136084.0282,155182.289,177976.1783,213509.2803,216759.4401,242122.3692,270228.3544,302056.0934,335074.8642,362003.9536,360718.3285,395093.4273,438352.9644,468109.6372
"NSFTV_45",44240.2759,62518.04152,74501.64256,95108.78908,108482.095,126811.9325,144697.0702,160497.7369,188976.3912,216197.0303,235034.6831,259849.3897,272342.6476,293883.1683,307564.382,337293.267,379304.9237,421599.1367,457042.9246,496189.1753
"NSFTV_46",41211.16796,55497.57178,63642.82341,82774.09939,93523.70543,109879.4751,128223.3822,145369.9401,163007.1968,194255.1473,202867.4436,233703.984,255664.7078,280588.681,313285.1053,346826.1719,352698.0308,374788.0726,396275.6094,427749.7431
"NSFTV_49",50648.66796,71295.07178,81758.19841,110679.7244,126755.5804,143691.3501,162536.3822,185744.9401,209046.3218,238078.9806,259686.4436,290204.109,321230.4578,353751.181,391798.1053,429397.0469,463872.2808,502477.4476,548388.6094,595344.2431
"NSFTV_5",34857.66796,47169.44678,54557.32341,72413.97439,85276.83043,99242.60014,111894.3822,127292.5651,144684.6968,152788.6473,175569.0686,197040.484,213309.7078,233442.681,247839.6166,284681.6719,309589.6558,331476.1976,358563.9844,386206.1181
"NSFTV_50",34577.16796,44484.94678,50930.57341,70331.97439,79436.83043,88747.10014,101919.3822,116364.6901,133727.1968,140822.9806,164027.4436,185791.359,205074.4578,228038.556,249617.6053,275136.1719,299046.0308,321159.1976,342825.7344,352885.6181
"NSFTV_51",34956.37061,45393.72836,52377.59646,69351.07928,79557.75195,89266.29426,99987.19484,116840.9557,130340.5116,147831.2803,163655.6067,186079.0359,208259.3544,230773.4268,255358.6975,286067.4536,312968.8285,340586.2606,362331.4644,377871.9744
"NSFTV_52",34148.37061,49537.22836,56200.42979,74698.91262,87218.41862,99811.29426,114037.1948,133456.6223,151290.8449,170320.2803,186954.7734,210614.0359,233844.3544,260644.7601,287044.8642,310412.1203,338963.1618,361694.4273,393519.6311,423955.8039
"NSFTV_53",50185.03728,65771.39503,73670.26313,94613.57928,105537.2519,116139.2943,132356.5282,147837.4557,164562.1783,183982.9806,202262.1067,220843.7025,243600.1877,266419.0934,290045.0308,316226.2869,348140.3285,387198.4273,424068.9644,458674.9705
"NSFTV_54",34469.16796,42365.69678,48275.57341,63501.47439,69602.20543,80484.22514,94604.75716,106735.3151,120470.8218,134999.1473,156464.4436,176186.609,195716.3328,220452.181,244375.1053,273892.7969,302824.2808,328081.5726,356725.9844,386387.7431
"NSFTV_55",52886.04296,68901.57178,78344.57341,99260.97439,109533.7054,125398.7251,143858.2572,159281.3151,184787.3218,211307.314,217554.1936,241542.859,261973.8328,289110.681,305486.9803,338305.0469,355223.2808,383501.3226,395623.4844,424786.3681
"NSFTV_56",36011.20394,52204.56169,58742.76313,77271.74595,92439.91862,106384.9609,122454.1948,139659.9557,158327.8449,201497.5303,201897.6067,226309.3692,248699.8544,279970.2601,311027.3642,345479.7869,375567.3285,414192.9273,448662.4644,460233.9744
"NSFTV_57",56757.20394,73777.89503,84413.42979,112206.0793,127645.4186,146955.4609,168594.6948,188725.789,210067.6783,229258.7803,252155.4401,279044.0359,305194.6877,332384.0934,361536.0308,392118.2869,427915.9951,453320.094,495582.7978,514850.3039
"NSFTV_58",60782.91796,81465.07178,96624.82341,122564.4744,138159.7054,155821.4751,176945.6322,199630.8151,223188.6968,252185.814,272716.8186,298846.984,327718.5828,361094.806,395663.1053,434014.2969,470502.1558,514236.5726,545675.1094,580676.8681
"NSFTV_59",52042.20394,75577.72836,85213.92979,106728.4126,119916.4186,131069.9609,163666.3615,176119.289,202428.1783,249476.2803,257385.2734,279367.8692,290983.5211,311871.7601,342966.3642,358173.2869,387147.6618,400596.594,419011.9644,394151.9744
"NSFTV_6",27978.66796,39889.82178,44661.44841,55511.47439,63839.58043,73620.35014,86594.25716,97926.81507,110204.4468,122993.9806,140245.5686,159152.734,178150.2078,199921.556,219138.2303,239313.2278,266208.4058,292493.0726,317557.9844,319905.8366
"NSFTV_60",37138.53728,51737.56169,59720.59646,79659.74595,89484.25195,102680.7943,119083.6948,132605.789,146829.6783,162174.814,180303.1067,208093.7025,222590.6564,254758.5934,279747.5308,318550.6203,349809.1618,389971.094,427068.1311,487782.2244
"NSFTV_61",52723.53728,70367.89503,79181.59646,101954.246,115189.9186,125989.9609,143621.5282,170555.9557,202603.1783,244412.7803,254524.4401,281737.3692,301454.6877,329602.4268,349854.6975,410617.6203,408757.8285,433911.594,448275.2978,483966.4705
"NSFTV_616",49183.03728,67124.06169,78298.76313,106004.5793,120033.7519,140322.9609,162770.3615,187405.9557,213054.5116,246032.5303,266765.2734,300105.7025,329725.6877,361035.4268,400460.6975,440922.2869,482641.3285,525459.594,545996.4644,590740.3039
"NSFTV_618",24751.70394,31719.72836,36215.92979,48552.07928,55572.91862,62223.6276,73490.02817,84643.62234,96929.34495,103653.5303,121879.4401,139307.3692,154420.0211,173401.4268,193224.0308,214925.9536,236889.1618,255875.094,280944.7978,296546.2244
"NSFTV_619",26414.22508,37356.87865,43266.39819,56653.25826,64774.61065,74899.55336,85799.27601,95623.34782,110293.2511,124032.9779,137407.8621,153367.1155,174601.3315,194944.0514,217993.2818,247323.6671,272950.3241,302490.9475,333552.3044,350547.3039
"NSFTV_62",32489.20394,42951.89503,50170.09646,67649.91262,74470.58528,82631.46093,95280.36151,109127.4557,123087.5116,135673.9806,150332.4401,168139.8692,189655.0211,211964.4268,237691.5308,260641.6203,287454.1618,317756.094,352573.6311,383421.8039
"NSFTV_620",56855.35008,86108.12865,101093.6482,134842.8833,151089.1107,176393.8034,197330.776,226245.5978,245635.0011,289694.6029,308074.3621,342880.9905,369523.5815,398561.1764,448791.4068,481405.7921,506046.3241,537099.4475,560213.0544,579866.5936
"NSFTV_621",25372.97508,33734.50365,38137.52319,51747.88326,59490.73565,67330.05336,77237.40101,89424.72282,103493.6261,116339.7279,128665.7371,147562.4905,167453.5815,188659.3014,210627.5318,235954.9171,268600.0741,300882.5725,329186.5544,355471.1977
"NSFTV_622",30416.03728,39670.89503,46628.26313,61742.57928,69084.41862,77289.96093,88855.36151,101163.9557,114287.3449,124620.814,140450.9401,158516.8692,178420.8544,199210.7601,221194.1975,248062.6203,273455.3285,302855.094,325120.1311,361272.6372
"NSFTV_623",53301.22508,76112.12865,89932.02319,121659.6333,141953.7357,163069.5534,185266.401,206544.9728,222433.1261,260119.7279,287231.3621,322835.7405,344960.3315,386265.4264,423748.2818,468422.2921,502831.4491,535144.3225,576282.0544,595065.0936
"NSFTV_624",30349.97508,38214.75365,42842.27319,56085.25826,65290.61065,74926.55336,86633.27601,99820.47282,113301.7511,127447.6767,146331.3621,165179.2405,183241.8315,206916.0514,232311.5318,260923.7921,294645.3241,324797.3225,357303.6794,391268.5936
"NSFTV_625",34292.47508,44916.50365,52405.02319,68129.13326,78686.51617,94680.17836,108163.9515,124213.4004,141617.3761,163807.6029,184909.6121,208956.9905,232052.4565,260950.9264,291031.5318,328389.7921,370399.8241,408174.4475,449436.6794,475531.4705
"NSFTV_626",59188.37061,82686.89503,94697.42979,125157.4126,141732.9186,166491.1276,196001.5282,221879.289,256270.6783,309347.0303,325841.9401,351539.5359,396777.6877,421278.2601,465363.1975,530909.5697,553376.6618,574769.094,639164.4644,645250.9744
"NSFTV_627",43913.35008,63344.75365,71867.89819,91043.13326,104877.3607,120270.6784,135929.401,152929.2228,175256.6261,207609.1767,222939.2371,250434.8655,272888.8315,304043.6764,338618.0318,371161.1671,401002.6991,429713.3225,462179.1794,480188.6372
"NSFTV_628",NA,NA,NA,NA,NA,NA,NA,NA,NA,NA,NA,NA,NA,NA,NA,NA,NA,NA,NA,NA
"NSFTV_629",38122.70394,52459.72836,60110.26313,81298.91262,92765.41862,109263.6276,124642.3615,134989.1223,153635.0116,174542.1473,189065.6067,207084.7025,215566.3544,234177.4268,259222.0308,282081.4536,313698.3285,339683.594,370526.7978,409860.6372
"NSFTV_63",39870.47508,56597.50365,65062.52319,86040.13326,100457.4857,116339.3034,133797.276,153087.3478,171798.2511,197229.8529,216105.2371,238390.6155,259380.3315,289025.5514,314139.5318,353574.6671,393787.4491,422554.3225,451273.0544,499346.9686
"NSFTV_630",NA,NA,NA,NA,NA,NA,NA,NA,NA,NA,NA,NA,NA,NA,NA,NA,NA,NA,NA,NA
"NSFTV_632",NA,NA,NA,NA,NA,NA,NA,NA,NA,NA,NA,NA,NA,NA,NA,NA,NA,NA,NA,NA
"NSFTV_633",48335.20394,68202.89503,83383.26313,112709.9126,132002.4186,150772.2943,174238.8615,198887.789,221339.3449,249750.2803,280178.9401,306037.7025,339182.5211,356285.4268,408301.8642,460116.9536,475396.1618,508179.9273,533727.1311,567737.3039
"NSFTV_634",45063.87061,65447.39503,77222.92979,107903.746,119373.9186,134525.6276,156781.1948,180440.9557,203762.3449,208266.2803,255047.1067,282929.8692,308592.0211,340269.5934,376119.6975,420327.6203,454707.3285,470743.9273,516617.7978,520736.8039
"NSFTV_635",NA,NA,NA,NA,NA,NA,NA,NA,NA,NA,NA,NA,NA,NA,NA,NA,NA,NA,NA,NA
"NSFTV_636",NA,NA,NA,NA,NA,NA,NA,NA,NA,NA,NA,NA,NA,NA,NA,NA,NA,NA,NA,NA
"NSFTV_637",NA,NA,NA,NA,NA,NA,NA,NA,NA,NA,NA,NA,NA,NA,NA,NA,NA,NA,NA,NA
"NSFTV_638",NA,NA,NA,NA,NA,NA,NA,NA,NA,NA,NA,NA,NA,NA,NA,NA,NA,NA,NA,NA
"NSFTV_639",NA,NA,NA,NA,NA,NA,NA,NA,NA,NA,NA,NA,NA,NA,NA,NA,NA,NA,NA,NA
"NSFTV_64",32438.53728,42382.56169,48209.26313,63050.91262,72567.77211,83646.46093,95818.86151,108813.9557,123502.0116,140520.1473,151822.9401,172393.3692,191448.3544,211092.9268,234265.8642,264000.9536,284453.8285,310592.2606,334912.1311,363026.1372
"NSFTV_640",NA,NA,NA,NA,NA,NA,NA,NA,NA,NA,NA,NA,NA,NA,NA,NA,NA,NA,NA,NA
"NSFTV_641",21682.53728,29965.39503,35688.76313,50181.24595,58194.91862,66359.6276,77547.19484,89238.289,102191.8449,114092.1473,127876.7734,142411.5359,157390.3544,179167.2601,203162.8642,229496.4536,258392.8285,287906.2606,316482.7978,356493.2244
"NSFTV_642",58942.87061,82844.06169,97217.26313,130451.4126,148527.5853,170657.7943,191154.0282,209956.6223,224844.3449,264076.4806,285020.2734,311193.5359,337200.0211,370884.5934,401035.1975,453513.1203,461020.8285,481511.2606,477935.7978,521261.3039
"NSFTV_643",68310.03728,94645.89503,115865.2631,162204.246,189585.7519,217730.7943,246777.3615,275508.4557,304412.3449,364521.2803,391987.4401,412817.7025,449739.8544,486856.5934,542646.5308,580386.9536,592997.4951,615794.7606,602755.6311,658790.4705
"NSFTV_644",NA,NA,NA,NA,NA,NA,NA,NA,NA,NA,NA,NA,NA,NA,NA,NA,NA,NA,NA,NA
"NSFTV_645",NA,NA,NA,NA,NA,NA,NA,NA,NA,NA,NA,NA,NA,NA,NA,NA,NA,NA,NA,NA
"NSFTV_647",39464.37061,57177.39503,67037.26313,88851.07928,103004.7519,118217.9609,136987.5282,156685.289,177670.0116,215951.7803,226634.6067,258002.3692,285956.6341,315297.2601,352369.8642,390075.2869,427312.8285,465710.9273,508749.7978,546497.9705
"NSFTV_648",NA,NA,NA,NA,NA,NA,NA,NA,NA,NA,NA,NA,NA,NA,NA,NA,NA,NA,NA,NA
"NSFTV_65",49643.37061,70273.06169,81064.42979,106082.0793,120198.9186,137735.9609,156646.6948,178488.289,199126.0278,227493.1473,248588.6067,271138.3692,299717.6877,337036.2601,365226.3642,403627.1203,433162.1618,474775.594,526865.1311,560386.4705
"NSFTV_651",39703.87061,58530.72836,67963.42979,91020.91262,106407.4186,119490.9609,139252.1948,158269.289,181443.6783,211383.2803,228994.2734,252739.7025,278845.0211,308453.2601,342052.8642,381674.2869,416847.9951,454296.4273,493844.6311,529809.1372
"NSFTV_652",NA,NA,NA,NA,NA,NA,NA,NA,NA,NA,NA,NA,NA,NA,NA,NA,NA,NA,NA,NA
"NSFTV_66",39200.20394,56336.06169,64559.59646,87621.91262,103218.4186,121260.2943,136502.0282,158359.789,183260.1783,206816.9806,230695.6067,258805.7025,285111.5211,315379.4268,348606.0308,392376.9536,425480.3285,466985.7606,506944.2978,539306.1372
"NSFTV_67",34643.87061,48370.39503,60067.09646,76534.74595,91494.75195,100409.4609,114488.6948,133979.4557,149797.1783,171038.4806,183812.1067,211784.0359,236755.0211,262153.0934,289483.5308,312520.7869,346739.9951,369274.4273,377199.7978,421837.8039
"NSFTV_68",38480.03728,50396.39503,59980.59646,77390.57928,90000.75195,101515.6418,121152.5282,142062.9557,161009.1783,188446.6473,211112.4401,236981.2025,258551.0211,295266.4268,324982.0308,367260.2869,405385.4951,437691.4273,461732.6311,464268.4744
"NSFTV_69",NA,NA,NA,NA,NA,NA,NA,NA,NA,NA,NA,NA,NA,NA,NA,NA,NA,NA,NA,NA
"NSFTV_7",29830.41796,39251.07178,45200.32341,59220.34939,69014.33043,83839.72514,98793.63216,113606.0651,131420.6968,154793.9806,169676.0686,194366.609,212305.7078,243917.306,270304.8553,294570.9219,321782.2808,344365.8226,374807.2344,405358.2431
"NSFTV_70",47908.20394,67386.22836,77696.42979,101400.4126,116472.9186,135812.6276,155678.1948,179821.4557,203195.3449,206925.0303,253522.4401,284693.2025,309003.6341,357466.5934,390660.8642,429456.6203,473360.6618,518658.4273,564387.1311,611882.9744
"NSFTV_71",56861.53728,79289.39503,94817.92979,128377.4126,145288.0853,152974.4609,192071.6948,212118.6223,234185.8449,280010.2803,292473.7734,311645.0359,332892.1877,361515.0934,392818.5308,449627.1203,453049.6618,491178.2606,528183.4644,540650.9705
"NSFTV_72",43610.2759,65482.29152,78323.14256,111798.5391,129459.595,151742.4325,177295.8202,197859.7369,220505.3912,250743.2803,277234.6831,305771.8897,332894.3976,364578.4183,405400.382,425501.517,457452.9237,488177.6367,500763.4246,532809.9253
"NSFTV_73",51051.91796,72090.82178,84177.94841,110467.8494,125658.4554,151886.4751,175820.3822,196686.1547,223363.1968,239512.4806,280521.0686,314456.859,338792.4578,375201.431,419262.3553,469844.9219,518125.6558,568080.4476,609357.6094,653000.0033
"NSFTV_74",58114.41796,85626.19678,99986.44841,130062.0994,149395.7054,173586.8501,197681.1322,224769.6901,250062.1968,305538.6473,312618.5686,339318.234,368832.0828,407993.556,448719.8553,505906.9219,549312.2808,580662.8226,618682.5184,669039.7431
"NSFTV_75",34065.54296,46260.32178,55353.19841,74221.22439,84611.45184,97430.60014,113092.0072,130896.3151,147102.0001,167094.814,188432.1936,211265.734,234198.7078,263217.181,291940.6053,325064.9219,356857.6558,387741.5726,426618.3594,467650.2431
"NSFTV_76",48742.16796,70303.69678,84204.19841,113950.0994,129786.8304,153820.3501,177359.1322,200877.3151,226531.5718,275047.4806,286720.8186,324006.859,351107.7078,386402.931,425018.1053,469932.9288,490121.7808,531661.3226,558949.6094,584456.1181
"NSFTV_77",44057.29296,61787.82178,72533.32341,91988.72439,104176.4554,125330.4751,146549.5072,165158.0651,183984.9468,223153.1473,237140.9436,266908.859,302249.7078,332291.056,373290.2444,401763.1719,437362.9058,472929.3226,502580.3594,539554.2431
"NSFTV_78",69132.53728,93749.72836,104447.5965,141881.5793,162402.9186,182799.6276,209422.5282,236552.789,270656.6783,324332.5303,342108.9401,382740.8692,420673.5211,467505.4268,514871.8642,563716.9536,597109.8285,639460.094,687072.4644,697373.2244
"NSFTV_79",29300.20394,41220.89503,48729.92979,66375.07928,74786.25195,84402.46093,95793.52817,106281.4557,119018.0116,131072.9806,146985.9401,162528.3692,179710.6877,201478.2601,228372.8642,253384.9536,281785.3285,311484.7606,343855.1311,378409.1372
"NSFTV_8",38041.16796,51410.82178,59546.82341,86171.72439,98118.58043,110850.4751,127672.8822,148187.0651,173475.6968,201676.1473,218584.3186,248290.359,276891.8328,315910.431,353166.9803,383535.0469,422872.2808,460636.0726,506185.3594,551378.2431
"NSFTV_80",43988.37061,58728.39503,67121.59646,83871.74595,97625.75195,111426.2943,124781.3615,140019.4557,158407.5116,178116.6473,197412.4401,221036.2025,240586.5211,266523.7601,288587.5308,320855.7869,353842.8285,386542.7606,415373.1311,443125.1372
"NSFTV_81",49012.03728,67106.89503,78288.92979,103983.5793,117932.5853,134127.7943,153887.3615,173447.4557,199995.8449,224265.7803,244921.2734,267562.0359,299397.1877,328264.0934,366633.3642,404344.6203,429602.9951,469282.9273,490475.9644,532375.1372
"NSFTV_83",28533.99194,40307.06169,45883.92979,60062.57928,68101.58528,75698.96093,86531.69484,97139.95567,107771.4991,118069.814,129005.4401,143562.8692,156004.0211,173282.0934,188693.1975,208819.9536,226165.8285,247625.594,269112.2978,289280.9744
"NSFTV_84",42412.54296,62193.32178,72303.07341,97523.72439,113950.0804,130876.1001,149412.1322,173244.4401,197516.6968,233415.314,249433.8186,275977.109,307896.9578,342958.306,380987.4803,423354.0469,461341.1558,500379.5726,540901.4844,560503.8366
"NSFTV_85",46280.29296,69558.44678,78494.94841,106961.2244,121983.4554,138829.3501,154747.1322,176168.4401,197397.5718,219572.2299,249308.1936,277815.734,304008.3328,337783.181,369103.8553,406348.0469,436453.5308,475863.6976,513303.9844,560034.2431
"NSFTV_86",55921.70394,73446.06169,83775.26313,107962.9126,122747.4186,146213.6276,171767.0282,192545.289,212268.3449,241180.314,268339.7734,301016.5359,324149.1877,353283.0934,383094.1975,411971.7869,442736.9951,480976.2606,512016.2978,537869.3039
"NSFTV_87",32779.87061,45611.89503,54524.76313,67650.57928,75774.08528,90191.6276,106682.3615,122152.289,136850.6783,154156.6473,169266.7734,182870.7025,200627.1877,225695.7601,251740.8642,273285.6203,300011.9951,326348.594,361816.7978,387961.3039
"NSFTV_88",36169.04296,47749.69678,54207.07341,71126.72439,79589.83043,92708.60014,108019.8822,124392.9401,141471.3218,145946.1473,177247.1936,198937.109,218934.7078,240954.431,266587.1053,298485.5469,327883.1558,357894.0726,389812.7344,423468.7431
"NSFTV_89",37129.70394,50508.22836,58491.92979,78050.24595,88471.25195,101086.9609,119836.5282,140374.9557,159453.6783,167885.5303,202459.7734,230616.0359,261317.3544,293729.4268,325501.3642,361003.7869,391079.4951,431824.594,454511.4644,492513.6372
"NSFTV_9",39887.0259,55686.04152,63550.14256,74011.28908,78635.84499,83725.93252,93167.82019,101393.2369,111703.1412,127577.0303,135191.6831,141659.3897,150391.1476,157269.4183,170810.882,188195.267,211071.4237,232461.1367,253149.6746,278951.9253
"NSFTV_90",49882.0259,67027.79152,80592.64256,104039.0391,120762.845,139758.4325,158991.8202,180955.2369,201309.1412,224472.7803,247858.4331,274475.1397,310611.6476,350465.6683,396133.632,440200.017,478134.4237,528586.1367,549716.4246,581117.4253
"NSFTV_91",NA,NA,NA,NA,NA,NA,NA,NA,NA,NA,NA,NA,NA,NA,NA,NA,NA,NA,NA,NA
"NSFTV_92",37642.54296,50764.94678,59169.32341,80619.47439,91723.58043,105285.8501,123417.8822,142049.8151,161225.1968,195266.814,202633.1936,227899.734,253043.2078,288956.681,323023.1053,352995.1719,383715.2808,418037.0726,458807.2344,490462.7431
"NSFTV_93",42484.66796,59177.32178,69312.07341,92890.22439,104307.3304,121075.4751,138414.5072,152824.5651,166947.3218,172037.9806,198511.6936,223603.859,242909.9578,266009.931,290251.2303,318553.9219,343893.2808,371425.1976,406899.4844,439548.3681
"NSFTV_94",29372.87061,40407.72836,46922.92979,60732.24595,69559.91862,79739.1276,91682.52817,104926.1223,117927.0116,151125.2803,147806.1067,164645.0359,181173.8544,198019.4268,215918.3642,240895.7869,266500.1618,292725.9273,320945.9644,341202.1372
"NSFTV_96",38791.70394,55749.89503,62982.59646,85443.24595,92424.25195,104000.2943,122400.1948,146155.6223,158064.6783,181669.314,190369.9401,222511.0359,238912.0341,275732.0934,302598.8642,347903.9536,367419.6618,390702.9273,418079.9644,468033.4705
"NSFTV_97",46040.53728,64218.56169,73925.92979,98475.41262,112761.4186,130388.6276,147149.8615,163652.289,183648.0116,204873.4806,225424.1067,253737.3692,277643.8544,305379.9268,331781.6975,367151.9536,404340.1618,437845.4273,482954.9644,532831.4705
"NSFTV_98",34991.20394,48714.89503,53408.26313,71389.91262,79899.58528,94544.1276,107570.3615,125603.6223,141374.5116,142219.5303,175584.9401,199446.7025,216093.8544,245455.0934,267829.3642,294310.6203,329335.9951,364152.7606,403530.6311,446837.4705
"NSFTV_99",46877.91796,64551.94678,74321.82341,100702.0994,114779.4554,128239.9751,145872.6322,172186.4401,194938.9468,209452.1473,241861.1936,273486.234,306000.9578,343272.681,384858.7303,428566.5469,475026.7808,518398.8226,574957.8594,625120.9931
